date_day,date_month,date_quarter,year,month,month_label,quarter_label,dow,doy
2016-09-04,2016-09-01,2016-07-01,2016,9,Sep-16,2016-Q3,0,248
2016-09-05,2016-09-01,2016-07-01,2016,9,Sep-16,2016-Q3,1,249
2016-09-06,2016-09-01,2016-07-01,2016,9,Sep-16,2016-Q3,2,250
2016-09-07,2016-09-01,2016-07-01,2016,9,Sep-16,2016-Q3,3,251
2016-09-08,2016-09-01,2016-07-01,2016,9,Sep-16,2016-Q3,4,252
2016-09-09,2016-09-01,2016-07-01,2016,9,Sep-16,2016-Q3,5,253
2016-09-10,2016-09-01,2016-07-01,2016,9,Sep-16,2016-Q3,6,254
2016-09-11,2016-09-01,2016-07-01,2016,9,Sep-16,2016-Q3,0,255
2016-09-12,2016-09-01,2016-07-01,2016,9,Sep-16,2016-Q3,1,256
2016-09-13,2016-09-01,2016-07-01,2016,9,Sep-16,2016-Q3,2,257
2016-09-14,2016-09-01,2016-07-01,2016,9,Sep-16,2016-Q3,3,258
2016-09-15,2016-09-01,2016-07-01,2016,9,Sep-16,2016-Q3,4,259
2016-09-16,2016-09-01,2016-07-01,2016,9,Sep-16,2016-Q3,5,260
2016-09-17,2016-09-01,2016-07-01,2016,9,Sep-16,2016-Q3,6,261
2016-09-18,2016-09-01,2016-07-01,2016,9,Sep-16,2016-Q3,0,262
2016-09-19,2016-09-01,2016-07-01,2016,9,Sep-16,2016-Q3,1,263
2016-09-20,2016-09-01,2016-07-01,2016,9,Sep-16,2016-Q3,2,264
2016-09-21,2016-09-01,2016-07-01,2016,9,Sep-16,2016-Q3,3,265
2016-09-22,2016-09-01,2016-07-01,2016,9,Sep-16,2016-Q3,4,266
2016-09-23,2016-09-01,2016-07-01,2016,9,Sep-16,2016-Q3,5,267
2016-09-24,2016-09-01,2016-07-01,2016,9,Sep-16,2016-Q3,6,268
2016-09-25,2016-09-01,2016-07-01,2016,9,Sep-16,2016-Q3,0,269
2016-09-26,2016-09-01,2016-07-01,2016,9,Sep-16,2016-Q3,1,270
2016-09-27,2016-09-01,2016-07-01,2016,9,Sep-16,2016-Q3,2,271
2016-09-28,2016-09-01,2016-07-01,2016,9,Sep-16,2016-Q3,3,272
2016-09-29,2016-09-01,2016-07-01,2016,9,Sep-16,2016-Q3,4,273
2016-09-30,2016-09-01,2016-07-01,2016,9,Sep-16,2016-Q3,5,274
2016-10-01,2016-10-01,2016-10-01,2016,10,Oct-16,2016-Q4,6,275
2016-10-02,2016-10-01,2016-10-01,2016,10,Oct-16,2016-Q4,0,276
2016-10-03,2016-10-01,2016-10-01,2016,10,Oct-16,2016-Q4,1,277
2016-10-04,2016-10-01,2016-10-01,2016,10,Oct-16,2016-Q4,2,278
2016-10-05,2016-10-01,2016-10-01,2016,10,Oct-16,2016-Q4,3,279
2016-10-06,2016-10-01,2016-10-01,2016,10,Oct-16,2016-Q4,4,280
2016-10-07,2016-10-01,2016-10-01,2016,10,Oct-16,2016-Q4,5,281
2016-10-08,2016-10-01,2016-10-01,2016,10,Oct-16,2016-Q4,6,282
2016-10-09,2016-10-01,2016-10-01,2016,10,Oct-16,2016-Q4,0,283
2016-10-10,2016-10-01,2016-10-01,2016,10,Oct-16,2016-Q4,1,284
2016-10-11,2016-10-01,2016-10-01,2016,10,Oct-16,2016-Q4,2,285
2016-10-12,2016-10-01,2016-10-01,2016,10,Oct-16,2016-Q4,3,286
2016-10-13,2016-10-01,2016-10-01,2016,10,Oct-16,2016-Q4,4,287
2016-10-14,2016-10-01,2016-10-01,2016,10,Oct-16,2016-Q4,5,288
2016-10-15,2016-10-01,2016-10-01,2016,10,Oct-16,2016-Q4,6,289
2016-10-16,2016-10-01,2016-10-01,2016,10,Oct-16,2016-Q4,0,290
2016-10-17,2016-10-01,2016-10-01,2016,10,Oct-16,2016-Q4,1,291
2016-10-18,2016-10-01,2016-10-01,2016,10,Oct-16,2016-Q4,2,292
2016-10-19,2016-10-01,2016-10-01,2016,10,Oct-16,2016-Q4,3,293
2016-10-20,2016-10-01,2016-10-01,2016,10,Oct-16,2016-Q4,4,294
2016-10-21,2016-10-01,2016-10-01,2016,10,Oct-16,2016-Q4,5,295
2016-10-22,2016-10-01,2016-10-01,2016,10,Oct-16,2016-Q4,6,296
2016-10-23,2016-10-01,2016-10-01,2016,10,Oct-16,2016-Q4,0,297
2016-10-24,2016-10-01,2016-10-01,2016,10,Oct-16,2016-Q4,1,298
2016-10-25,2016-10-01,2016-10-01,2016,10,Oct-16,2016-Q4,2,299
2016-10-26,2016-10-01,2016-10-01,2016,10,Oct-16,2016-Q4,3,300
2016-10-27,2016-10-01,2016-10-01,2016,10,Oct-16,2016-Q4,4,301
2016-10-28,2016-10-01,2016-10-01,2016,10,Oct-16,2016-Q4,5,302
2016-10-29,2016-10-01,2016-10-01,2016,10,Oct-16,2016-Q4,6,303
2016-10-30,2016-10-01,2016-10-01,2016,10,Oct-16,2016-Q4,0,304
2016-10-31,2016-10-01,2016-10-01,2016,10,Oct-16,2016-Q4,1,305
2016-11-01,2016-11-01,2016-10-01,2016,11,Nov-16,2016-Q4,2,306
2016-11-02,2016-11-01,2016-10-01,2016,11,Nov-16,2016-Q4,3,307
2016-11-03,2016-11-01,2016-10-01,2016,11,Nov-16,2016-Q4,4,308
2016-11-04,2016-11-01,2016-10-01,2016,11,Nov-16,2016-Q4,5,309
2016-11-05,2016-11-01,2016-10-01,2016,11,Nov-16,2016-Q4,6,310
2016-11-06,2016-11-01,2016-10-01,2016,11,Nov-16,2016-Q4,0,311
2016-11-07,2016-11-01,2016-10-01,2016,11,Nov-16,2016-Q4,1,312
2016-11-08,2016-11-01,2016-10-01,2016,11,Nov-16,2016-Q4,2,313
2016-11-09,2016-11-01,2016-10-01,2016,11,Nov-16,2016-Q4,3,314
2016-11-10,2016-11-01,2016-10-01,2016,11,Nov-16,2016-Q4,4,315
2016-11-11,2016-11-01,2016-10-01,2016,11,Nov-16,2016-Q4,5,316
2016-11-12,2016-11-01,2016-10-01,2016,11,Nov-16,2016-Q4,6,317
2016-11-13,2016-11-01,2016-10-01,2016,11,Nov-16,2016-Q4,0,318
2016-11-14,2016-11-01,2016-10-01,2016,11,Nov-16,2016-Q4,1,319
2016-11-15,2016-11-01,2016-10-01,2016,11,Nov-16,2016-Q4,2,320
2016-11-16,2016-11-01,2016-10-01,2016,11,Nov-16,2016-Q4,3,321
2016-11-17,2016-11-01,2016-10-01,2016,11,Nov-16,2016-Q4,4,322
2016-11-18,2016-11-01,2016-10-01,2016,11,Nov-16,2016-Q4,5,323
2016-11-19,2016-11-01,2016-10-01,2016,11,Nov-16,2016-Q4,6,324
2016-11-20,2016-11-01,2016-10-01,2016,11,Nov-16,2016-Q4,0,325
2016-11-21,2016-11-01,2016-10-01,2016,11,Nov-16,2016-Q4,1,326
2016-11-22,2016-11-01,2016-10-01,2016,11,Nov-16,2016-Q4,2,327
2016-11-23,2016-11-01,2016-10-01,2016,11,Nov-16,2016-Q4,3,328
2016-11-24,2016-11-01,2016-10-01,2016,11,Nov-16,2016-Q4,4,329
2016-11-25,2016-11-01,2016-10-01,2016,11,Nov-16,2016-Q4,5,330
2016-11-26,2016-11-01,2016-10-01,2016,11,Nov-16,2016-Q4,6,331
2016-11-27,2016-11-01,2016-10-01,2016,11,Nov-16,2016-Q4,0,332
2016-11-28,2016-11-01,2016-10-01,2016,11,Nov-16,2016-Q4,1,333
2016-11-29,2016-11-01,2016-10-01,2016,11,Nov-16,2016-Q4,2,334
2016-11-30,2016-11-01,2016-10-01,2016,11,Nov-16,2016-Q4,3,335
2016-12-01,2016-12-01,2016-10-01,2016,12,Dec-16,2016-Q4,4,336
2016-12-02,2016-12-01,2016-10-01,2016,12,Dec-16,2016-Q4,5,337
2016-12-03,2016-12-01,2016-10-01,2016,12,Dec-16,2016-Q4,6,338
2016-12-04,2016-12-01,2016-10-01,2016,12,Dec-16,2016-Q4,0,339
2016-12-05,2016-12-01,2016-10-01,2016,12,Dec-16,2016-Q4,1,340
2016-12-06,2016-12-01,2016-10-01,2016,12,Dec-16,2016-Q4,2,341
2016-12-07,2016-12-01,2016-10-01,2016,12,Dec-16,2016-Q4,3,342
2016-12-08,2016-12-01,2016-10-01,2016,12,Dec-16,2016-Q4,4,343
2016-12-09,2016-12-01,2016-10-01,2016,12,Dec-16,2016-Q4,5,344
2016-12-10,2016-12-01,2016-10-01,2016,12,Dec-16,2016-Q4,6,345
2016-12-11,2016-12-01,2016-10-01,2016,12,Dec-16,2016-Q4,0,346
2016-12-12,2016-12-01,2016-10-01,2016,12,Dec-16,2016-Q4,1,347
2016-12-13,2016-12-01,2016-10-01,2016,12,Dec-16,2016-Q4,2,348
2016-12-14,2016-12-01,2016-10-01,2016,12,Dec-16,2016-Q4,3,349
2016-12-15,2016-12-01,2016-10-01,2016,12,Dec-16,2016-Q4,4,350
2016-12-16,2016-12-01,2016-10-01,2016,12,Dec-16,2016-Q4,5,351
2016-12-17,2016-12-01,2016-10-01,2016,12,Dec-16,2016-Q4,6,352
2016-12-18,2016-12-01,2016-10-01,2016,12,Dec-16,2016-Q4,0,353
2016-12-19,2016-12-01,2016-10-01,2016,12,Dec-16,2016-Q4,1,354
2016-12-20,2016-12-01,2016-10-01,2016,12,Dec-16,2016-Q4,2,355
2016-12-21,2016-12-01,2016-10-01,2016,12,Dec-16,2016-Q4,3,356
2016-12-22,2016-12-01,2016-10-01,2016,12,Dec-16,2016-Q4,4,357
2016-12-23,2016-12-01,2016-10-01,2016,12,Dec-16,2016-Q4,5,358
2016-12-24,2016-12-01,2016-10-01,2016,12,Dec-16,2016-Q4,6,359
2016-12-25,2016-12-01,2016-10-01,2016,12,Dec-16,2016-Q4,0,360
2016-12-26,2016-12-01,2016-10-01,2016,12,Dec-16,2016-Q4,1,361
2016-12-27,2016-12-01,2016-10-01,2016,12,Dec-16,2016-Q4,2,362
2016-12-28,2016-12-01,2016-10-01,2016,12,Dec-16,2016-Q4,3,363
2016-12-29,2016-12-01,2016-10-01,2016,12,Dec-16,2016-Q4,4,364
2016-12-30,2016-12-01,2016-10-01,2016,12,Dec-16,2016-Q4,5,365
2016-12-31,2016-12-01,2016-10-01,2016,12,Dec-16,2016-Q4,6,366
2017-01-01,2017-01-01,2017-01-01,2017,1,Jan-17,2017-Q1,0,1
2017-01-02,2017-01-01,2017-01-01,2017,1,Jan-17,2017-Q1,1,2
2017-01-03,2017-01-01,2017-01-01,2017,1,Jan-17,2017-Q1,2,3
2017-01-04,2017-01-01,2017-01-01,2017,1,Jan-17,2017-Q1,3,4
2017-01-05,2017-01-01,2017-01-01,2017,1,Jan-17,2017-Q1,4,5
2017-01-06,2017-01-01,2017-01-01,2017,1,Jan-17,2017-Q1,5,6
2017-01-07,2017-01-01,2017-01-01,2017,1,Jan-17,2017-Q1,6,7
2017-01-08,2017-01-01,2017-01-01,2017,1,Jan-17,2017-Q1,0,8
2017-01-09,2017-01-01,2017-01-01,2017,1,Jan-17,2017-Q1,1,9
2017-01-10,2017-01-01,2017-01-01,2017,1,Jan-17,2017-Q1,2,10
2017-01-11,2017-01-01,2017-01-01,2017,1,Jan-17,2017-Q1,3,11
2017-01-12,2017-01-01,2017-01-01,2017,1,Jan-17,2017-Q1,4,12
2017-01-13,2017-01-01,2017-01-01,2017,1,Jan-17,2017-Q1,5,13
2017-01-14,2017-01-01,2017-01-01,2017,1,Jan-17,2017-Q1,6,14
2017-01-15,2017-01-01,2017-01-01,2017,1,Jan-17,2017-Q1,0,15
2017-01-16,2017-01-01,2017-01-01,2017,1,Jan-17,2017-Q1,1,16
2017-01-17,2017-01-01,2017-01-01,2017,1,Jan-17,2017-Q1,2,17
2017-01-18,2017-01-01,2017-01-01,2017,1,Jan-17,2017-Q1,3,18
2017-01-19,2017-01-01,2017-01-01,2017,1,Jan-17,2017-Q1,4,19
2017-01-20,2017-01-01,2017-01-01,2017,1,Jan-17,2017-Q1,5,20
2017-01-21,2017-01-01,2017-01-01,2017,1,Jan-17,2017-Q1,6,21
2017-01-22,2017-01-01,2017-01-01,2017,1,Jan-17,2017-Q1,0,22
2017-01-23,2017-01-01,2017-01-01,2017,1,Jan-17,2017-Q1,1,23
2017-01-24,2017-01-01,2017-01-01,2017,1,Jan-17,2017-Q1,2,24
2017-01-25,2017-01-01,2017-01-01,2017,1,Jan-17,2017-Q1,3,25
2017-01-26,2017-01-01,2017-01-01,2017,1,Jan-17,2017-Q1,4,26
2017-01-27,2017-01-01,2017-01-01,2017,1,Jan-17,2017-Q1,5,27
2017-01-28,2017-01-01,2017-01-01,2017,1,Jan-17,2017-Q1,6,28
2017-01-29,2017-01-01,2017-01-01,2017,1,Jan-17,2017-Q1,0,29
2017-01-30,2017-01-01,2017-01-01,2017,1,Jan-17,2017-Q1,1,30
2017-01-31,2017-01-01,2017-01-01,2017,1,Jan-17,2017-Q1,2,31
2017-02-01,2017-02-01,2017-01-01,2017,2,Feb-17,2017-Q1,3,32
2017-02-02,2017-02-01,2017-01-01,2017,2,Feb-17,2017-Q1,4,33
2017-02-03,2017-02-01,2017-01-01,2017,2,Feb-17,2017-Q1,5,34
2017-02-04,2017-02-01,2017-01-01,2017,2,Feb-17,2017-Q1,6,35
2017-02-05,2017-02-01,2017-01-01,2017,2,Feb-17,2017-Q1,0,36
2017-02-06,2017-02-01,2017-01-01,2017,2,Feb-17,2017-Q1,1,37
2017-02-07,2017-02-01,2017-01-01,2017,2,Feb-17,2017-Q1,2,38
2017-02-08,2017-02-01,2017-01-01,2017,2,Feb-17,2017-Q1,3,39
2017-02-09,2017-02-01,2017-01-01,2017,2,Feb-17,2017-Q1,4,40
2017-02-10,2017-02-01,2017-01-01,2017,2,Feb-17,2017-Q1,5,41
2017-02-11,2017-02-01,2017-01-01,2017,2,Feb-17,2017-Q1,6,42
2017-02-12,2017-02-01,2017-01-01,2017,2,Feb-17,2017-Q1,0,43
2017-02-13,2017-02-01,2017-01-01,2017,2,Feb-17,2017-Q1,1,44
2017-02-14,2017-02-01,2017-01-01,2017,2,Feb-17,2017-Q1,2,45
2017-02-15,2017-02-01,2017-01-01,2017,2,Feb-17,2017-Q1,3,46
2017-02-16,2017-02-01,2017-01-01,2017,2,Feb-17,2017-Q1,4,47
2017-02-17,2017-02-01,2017-01-01,2017,2,Feb-17,2017-Q1,5,48
2017-02-18,2017-02-01,2017-01-01,2017,2,Feb-17,2017-Q1,6,49
2017-02-19,2017-02-01,2017-01-01,2017,2,Feb-17,2017-Q1,0,50
2017-02-20,2017-02-01,2017-01-01,2017,2,Feb-17,2017-Q1,1,51
2017-02-21,2017-02-01,2017-01-01,2017,2,Feb-17,2017-Q1,2,52
2017-02-22,2017-02-01,2017-01-01,2017,2,Feb-17,2017-Q1,3,53
2017-02-23,2017-02-01,2017-01-01,2017,2,Feb-17,2017-Q1,4,54
2017-02-24,2017-02-01,2017-01-01,2017,2,Feb-17,2017-Q1,5,55
2017-02-25,2017-02-01,2017-01-01,2017,2,Feb-17,2017-Q1,6,56
2017-02-26,2017-02-01,2017-01-01,2017,2,Feb-17,2017-Q1,0,57
2017-02-27,2017-02-01,2017-01-01,2017,2,Feb-17,2017-Q1,1,58
2017-02-28,2017-02-01,2017-01-01,2017,2,Feb-17,2017-Q1,2,59
2017-03-01,2017-03-01,2017-01-01,2017,3,Mar-17,2017-Q1,3,60
2017-03-02,2017-03-01,2017-01-01,2017,3,Mar-17,2017-Q1,4,61
2017-03-03,2017-03-01,2017-01-01,2017,3,Mar-17,2017-Q1,5,62
2017-03-04,2017-03-01,2017-01-01,2017,3,Mar-17,2017-Q1,6,63
2017-03-05,2017-03-01,2017-01-01,2017,3,Mar-17,2017-Q1,0,64
2017-03-06,2017-03-01,2017-01-01,2017,3,Mar-17,2017-Q1,1,65
2017-03-07,2017-03-01,2017-01-01,2017,3,Mar-17,2017-Q1,2,66
2017-03-08,2017-03-01,2017-01-01,2017,3,Mar-17,2017-Q1,3,67
2017-03-09,2017-03-01,2017-01-01,2017,3,Mar-17,2017-Q1,4,68
2017-03-10,2017-03-01,2017-01-01,2017,3,Mar-17,2017-Q1,5,69
2017-03-11,2017-03-01,2017-01-01,2017,3,Mar-17,2017-Q1,6,70
2017-03-12,2017-03-01,2017-01-01,2017,3,Mar-17,2017-Q1,0,71
2017-03-13,2017-03-01,2017-01-01,2017,3,Mar-17,2017-Q1,1,72
2017-03-14,2017-03-01,2017-01-01,2017,3,Mar-17,2017-Q1,2,73
2017-03-15,2017-03-01,2017-01-01,2017,3,Mar-17,2017-Q1,3,74
2017-03-16,2017-03-01,2017-01-01,2017,3,Mar-17,2017-Q1,4,75
2017-03-17,2017-03-01,2017-01-01,2017,3,Mar-17,2017-Q1,5,76
2017-03-18,2017-03-01,2017-01-01,2017,3,Mar-17,2017-Q1,6,77
2017-03-19,2017-03-01,2017-01-01,2017,3,Mar-17,2017-Q1,0,78
2017-03-20,2017-03-01,2017-01-01,2017,3,Mar-17,2017-Q1,1,79
2017-03-21,2017-03-01,2017-01-01,2017,3,Mar-17,2017-Q1,2,80
2017-03-22,2017-03-01,2017-01-01,2017,3,Mar-17,2017-Q1,3,81
2017-03-23,2017-03-01,2017-01-01,2017,3,Mar-17,2017-Q1,4,82
2017-03-24,2017-03-01,2017-01-01,2017,3,Mar-17,2017-Q1,5,83
2017-03-25,2017-03-01,2017-01-01,2017,3,Mar-17,2017-Q1,6,84
2017-03-26,2017-03-01,2017-01-01,2017,3,Mar-17,2017-Q1,0,85
2017-03-27,2017-03-01,2017-01-01,2017,3,Mar-17,2017-Q1,1,86
2017-03-28,2017-03-01,2017-01-01,2017,3,Mar-17,2017-Q1,2,87
2017-03-29,2017-03-01,2017-01-01,2017,3,Mar-17,2017-Q1,3,88
2017-03-30,2017-03-01,2017-01-01,2017,3,Mar-17,2017-Q1,4,89
2017-03-31,2017-03-01,2017-01-01,2017,3,Mar-17,2017-Q1,5,90
2017-04-01,2017-04-01,2017-04-01,2017,4,Apr-17,2017-Q2,6,91
2017-04-02,2017-04-01,2017-04-01,2017,4,Apr-17,2017-Q2,0,92
2017-04-03,2017-04-01,2017-04-01,2017,4,Apr-17,2017-Q2,1,93
2017-04-04,2017-04-01,2017-04-01,2017,4,Apr-17,2017-Q2,2,94
2017-04-05,2017-04-01,2017-04-01,2017,4,Apr-17,2017-Q2,3,95
2017-04-06,2017-04-01,2017-04-01,2017,4,Apr-17,2017-Q2,4,96
2017-04-07,2017-04-01,2017-04-01,2017,4,Apr-17,2017-Q2,5,97
2017-04-08,2017-04-01,2017-04-01,2017,4,Apr-17,2017-Q2,6,98
2017-04-09,2017-04-01,2017-04-01,2017,4,Apr-17,2017-Q2,0,99
2017-04-10,2017-04-01,2017-04-01,2017,4,Apr-17,2017-Q2,1,100
2017-04-11,2017-04-01,2017-04-01,2017,4,Apr-17,2017-Q2,2,101
2017-04-12,2017-04-01,2017-04-01,2017,4,Apr-17,2017-Q2,3,102
2017-04-13,2017-04-01,2017-04-01,2017,4,Apr-17,2017-Q2,4,103
2017-04-14,2017-04-01,2017-04-01,2017,4,Apr-17,2017-Q2,5,104
2017-04-15,2017-04-01,2017-04-01,2017,4,Apr-17,2017-Q2,6,105
2017-04-16,2017-04-01,2017-04-01,2017,4,Apr-17,2017-Q2,0,106
2017-04-17,2017-04-01,2017-04-01,2017,4,Apr-17,2017-Q2,1,107
2017-04-18,2017-04-01,2017-04-01,2017,4,Apr-17,2017-Q2,2,108
2017-04-19,2017-04-01,2017-04-01,2017,4,Apr-17,2017-Q2,3,109
2017-04-20,2017-04-01,2017-04-01,2017,4,Apr-17,2017-Q2,4,110
2017-04-21,2017-04-01,2017-04-01,2017,4,Apr-17,2017-Q2,5,111
2017-04-22,2017-04-01,2017-04-01,2017,4,Apr-17,2017-Q2,6,112
2017-04-23,2017-04-01,2017-04-01,2017,4,Apr-17,2017-Q2,0,113
2017-04-24,2017-04-01,2017-04-01,2017,4,Apr-17,2017-Q2,1,114
2017-04-25,2017-04-01,2017-04-01,2017,4,Apr-17,2017-Q2,2,115
2017-04-26,2017-04-01,2017-04-01,2017,4,Apr-17,2017-Q2,3,116
2017-04-27,2017-04-01,2017-04-01,2017,4,Apr-17,2017-Q2,4,117
2017-04-28,2017-04-01,2017-04-01,2017,4,Apr-17,2017-Q2,5,118
2017-04-29,2017-04-01,2017-04-01,2017,4,Apr-17,2017-Q2,6,119
2017-04-30,2017-04-01,2017-04-01,2017,4,Apr-17,2017-Q2,0,120
2017-05-01,2017-05-01,2017-04-01,2017,5,May-17,2017-Q2,1,121
2017-05-02,2017-05-01,2017-04-01,2017,5,May-17,2017-Q2,2,122
2017-05-03,2017-05-01,2017-04-01,2017,5,May-17,2017-Q2,3,123
2017-05-04,2017-05-01,2017-04-01,2017,5,May-17,2017-Q2,4,124
2017-05-05,2017-05-01,2017-04-01,2017,5,May-17,2017-Q2,5,125
2017-05-06,2017-05-01,2017-04-01,2017,5,May-17,2017-Q2,6,126
2017-05-07,2017-05-01,2017-04-01,2017,5,May-17,2017-Q2,0,127
2017-05-08,2017-05-01,2017-04-01,2017,5,May-17,2017-Q2,1,128
2017-05-09,2017-05-01,2017-04-01,2017,5,May-17,2017-Q2,2,129
2017-05-10,2017-05-01,2017-04-01,2017,5,May-17,2017-Q2,3,130
2017-05-11,2017-05-01,2017-04-01,2017,5,May-17,2017-Q2,4,131
2017-05-12,2017-05-01,2017-04-01,2017,5,May-17,2017-Q2,5,132
2017-05-13,2017-05-01,2017-04-01,2017,5,May-17,2017-Q2,6,133
2017-05-14,2017-05-01,2017-04-01,2017,5,May-17,2017-Q2,0,134
2017-05-15,2017-05-01,2017-04-01,2017,5,May-17,2017-Q2,1,135
2017-05-16,2017-05-01,2017-04-01,2017,5,May-17,2017-Q2,2,136
2017-05-17,2017-05-01,2017-04-01,2017,5,May-17,2017-Q2,3,137
2017-05-18,2017-05-01,2017-04-01,2017,5,May-17,2017-Q2,4,138
2017-05-19,2017-05-01,2017-04-01,2017,5,May-17,2017-Q2,5,139
2017-05-20,2017-05-01,2017-04-01,2017,5,May-17,2017-Q2,6,140
2017-05-21,2017-05-01,2017-04-01,2017,5,May-17,2017-Q2,0,141
2017-05-22,2017-05-01,2017-04-01,2017,5,May-17,2017-Q2,1,142
2017-05-23,2017-05-01,2017-04-01,2017,5,May-17,2017-Q2,2,143
2017-05-24,2017-05-01,2017-04-01,2017,5,May-17,2017-Q2,3,144
2017-05-25,2017-05-01,2017-04-01,2017,5,May-17,2017-Q2,4,145
2017-05-26,2017-05-01,2017-04-01,2017,5,May-17,2017-Q2,5,146
2017-05-27,2017-05-01,2017-04-01,2017,5,May-17,2017-Q2,6,147
2017-05-28,2017-05-01,2017-04-01,2017,5,May-17,2017-Q2,0,148
2017-05-29,2017-05-01,2017-04-01,2017,5,May-17,2017-Q2,1,149
2017-05-30,2017-05-01,2017-04-01,2017,5,May-17,2017-Q2,2,150
2017-05-31,2017-05-01,2017-04-01,2017,5,May-17,2017-Q2,3,151
2017-06-01,2017-06-01,2017-04-01,2017,6,Jun-17,2017-Q2,4,152
2017-06-02,2017-06-01,2017-04-01,2017,6,Jun-17,2017-Q2,5,153
2017-06-03,2017-06-01,2017-04-01,2017,6,Jun-17,2017-Q2,6,154
2017-06-04,2017-06-01,2017-04-01,2017,6,Jun-17,2017-Q2,0,155
2017-06-05,2017-06-01,2017-04-01,2017,6,Jun-17,2017-Q2,1,156
2017-06-06,2017-06-01,2017-04-01,2017,6,Jun-17,2017-Q2,2,157
2017-06-07,2017-06-01,2017-04-01,2017,6,Jun-17,2017-Q2,3,158
2017-06-08,2017-06-01,2017-04-01,2017,6,Jun-17,2017-Q2,4,159
2017-06-09,2017-06-01,2017-04-01,2017,6,Jun-17,2017-Q2,5,160
2017-06-10,2017-06-01,2017-04-01,2017,6,Jun-17,2017-Q2,6,161
2017-06-11,2017-06-01,2017-04-01,2017,6,Jun-17,2017-Q2,0,162
2017-06-12,2017-06-01,2017-04-01,2017,6,Jun-17,2017-Q2,1,163
2017-06-13,2017-06-01,2017-04-01,2017,6,Jun-17,2017-Q2,2,164
2017-06-14,2017-06-01,2017-04-01,2017,6,Jun-17,2017-Q2,3,165
2017-06-15,2017-06-01,2017-04-01,2017,6,Jun-17,2017-Q2,4,166
2017-06-16,2017-06-01,2017-04-01,2017,6,Jun-17,2017-Q2,5,167
2017-06-17,2017-06-01,2017-04-01,2017,6,Jun-17,2017-Q2,6,168
2017-06-18,2017-06-01,2017-04-01,2017,6,Jun-17,2017-Q2,0,169
2017-06-19,2017-06-01,2017-04-01,2017,6,Jun-17,2017-Q2,1,170
2017-06-20,2017-06-01,2017-04-01,2017,6,Jun-17,2017-Q2,2,171
2017-06-21,2017-06-01,2017-04-01,2017,6,Jun-17,2017-Q2,3,172
2017-06-22,2017-06-01,2017-04-01,2017,6,Jun-17,2017-Q2,4,173
2017-06-23,2017-06-01,2017-04-01,2017,6,Jun-17,2017-Q2,5,174
2017-06-24,2017-06-01,2017-04-01,2017,6,Jun-17,2017-Q2,6,175
2017-06-25,2017-06-01,2017-04-01,2017,6,Jun-17,2017-Q2,0,176
2017-06-26,2017-06-01,2017-04-01,2017,6,Jun-17,2017-Q2,1,177
2017-06-27,2017-06-01,2017-04-01,2017,6,Jun-17,2017-Q2,2,178
2017-06-28,2017-06-01,2017-04-01,2017,6,Jun-17,2017-Q2,3,179
2017-06-29,2017-06-01,2017-04-01,2017,6,Jun-17,2017-Q2,4,180
2017-06-30,2017-06-01,2017-04-01,2017,6,Jun-17,2017-Q2,5,181
2017-07-01,2017-07-01,2017-07-01,2017,7,Jul-17,2017-Q3,6,182
2017-07-02,2017-07-01,2017-07-01,2017,7,Jul-17,2017-Q3,0,183
2017-07-03,2017-07-01,2017-07-01,2017,7,Jul-17,2017-Q3,1,184
2017-07-04,2017-07-01,2017-07-01,2017,7,Jul-17,2017-Q3,2,185
2017-07-05,2017-07-01,2017-07-01,2017,7,Jul-17,2017-Q3,3,186
2017-07-06,2017-07-01,2017-07-01,2017,7,Jul-17,2017-Q3,4,187
2017-07-07,2017-07-01,2017-07-01,2017,7,Jul-17,2017-Q3,5,188
2017-07-08,2017-07-01,2017-07-01,2017,7,Jul-17,2017-Q3,6,189
2017-07-09,2017-07-01,2017-07-01,2017,7,Jul-17,2017-Q3,0,190
2017-07-10,2017-07-01,2017-07-01,2017,7,Jul-17,2017-Q3,1,191
2017-07-11,2017-07-01,2017-07-01,2017,7,Jul-17,2017-Q3,2,192
2017-07-12,2017-07-01,2017-07-01,2017,7,Jul-17,2017-Q3,3,193
2017-07-13,2017-07-01,2017-07-01,2017,7,Jul-17,2017-Q3,4,194
2017-07-14,2017-07-01,2017-07-01,2017,7,Jul-17,2017-Q3,5,195
2017-07-15,2017-07-01,2017-07-01,2017,7,Jul-17,2017-Q3,6,196
2017-07-16,2017-07-01,2017-07-01,2017,7,Jul-17,2017-Q3,0,197
2017-07-17,2017-07-01,2017-07-01,2017,7,Jul-17,2017-Q3,1,198
2017-07-18,2017-07-01,2017-07-01,2017,7,Jul-17,2017-Q3,2,199
2017-07-19,2017-07-01,2017-07-01,2017,7,Jul-17,2017-Q3,3,200
2017-07-20,2017-07-01,2017-07-01,2017,7,Jul-17,2017-Q3,4,201
2017-07-21,2017-07-01,2017-07-01,2017,7,Jul-17,2017-Q3,5,202
2017-07-22,2017-07-01,2017-07-01,2017,7,Jul-17,2017-Q3,6,203
2017-07-23,2017-07-01,2017-07-01,2017,7,Jul-17,2017-Q3,0,204
2017-07-24,2017-07-01,2017-07-01,2017,7,Jul-17,2017-Q3,1,205
2017-07-25,2017-07-01,2017-07-01,2017,7,Jul-17,2017-Q3,2,206
2017-07-26,2017-07-01,2017-07-01,2017,7,Jul-17,2017-Q3,3,207
2017-07-27,2017-07-01,2017-07-01,2017,7,Jul-17,2017-Q3,4,208
2017-07-28,2017-07-01,2017-07-01,2017,7,Jul-17,2017-Q3,5,209
2017-07-29,2017-07-01,2017-07-01,2017,7,Jul-17,2017-Q3,6,210
2017-07-30,2017-07-01,2017-07-01,2017,7,Jul-17,2017-Q3,0,211
2017-07-31,2017-07-01,2017-07-01,2017,7,Jul-17,2017-Q3,1,212
2017-08-01,2017-08-01,2017-07-01,2017,8,Aug-17,2017-Q3,2,213
2017-08-02,2017-08-01,2017-07-01,2017,8,Aug-17,2017-Q3,3,214
2017-08-03,2017-08-01,2017-07-01,2017,8,Aug-17,2017-Q3,4,215
2017-08-04,2017-08-01,2017-07-01,2017,8,Aug-17,2017-Q3,5,216
2017-08-05,2017-08-01,2017-07-01,2017,8,Aug-17,2017-Q3,6,217
2017-08-06,2017-08-01,2017-07-01,2017,8,Aug-17,2017-Q3,0,218
2017-08-07,2017-08-01,2017-07-01,2017,8,Aug-17,2017-Q3,1,219
2017-08-08,2017-08-01,2017-07-01,2017,8,Aug-17,2017-Q3,2,220
2017-08-09,2017-08-01,2017-07-01,2017,8,Aug-17,2017-Q3,3,221
2017-08-10,2017-08-01,2017-07-01,2017,8,Aug-17,2017-Q3,4,222
2017-08-11,2017-08-01,2017-07-01,2017,8,Aug-17,2017-Q3,5,223
2017-08-12,2017-08-01,2017-07-01,2017,8,Aug-17,2017-Q3,6,224
2017-08-13,2017-08-01,2017-07-01,2017,8,Aug-17,2017-Q3,0,225
2017-08-14,2017-08-01,2017-07-01,2017,8,Aug-17,2017-Q3,1,226
2017-08-15,2017-08-01,2017-07-01,2017,8,Aug-17,2017-Q3,2,227
2017-08-16,2017-08-01,2017-07-01,2017,8,Aug-17,2017-Q3,3,228
2017-08-17,2017-08-01,2017-07-01,2017,8,Aug-17,2017-Q3,4,229
2017-08-18,2017-08-01,2017-07-01,2017,8,Aug-17,2017-Q3,5,230
2017-08-19,2017-08-01,2017-07-01,2017,8,Aug-17,2017-Q3,6,231
2017-08-20,2017-08-01,2017-07-01,2017,8,Aug-17,2017-Q3,0,232
2017-08-21,2017-08-01,2017-07-01,2017,8,Aug-17,2017-Q3,1,233
2017-08-22,2017-08-01,2017-07-01,2017,8,Aug-17,2017-Q3,2,234
2017-08-23,2017-08-01,2017-07-01,2017,8,Aug-17,2017-Q3,3,235
2017-08-24,2017-08-01,2017-07-01,2017,8,Aug-17,2017-Q3,4,236
2017-08-25,2017-08-01,2017-07-01,2017,8,Aug-17,2017-Q3,5,237
2017-08-26,2017-08-01,2017-07-01,2017,8,Aug-17,2017-Q3,6,238
2017-08-27,2017-08-01,2017-07-01,2017,8,Aug-17,2017-Q3,0,239
2017-08-28,2017-08-01,2017-07-01,2017,8,Aug-17,2017-Q3,1,240
2017-08-29,2017-08-01,2017-07-01,2017,8,Aug-17,2017-Q3,2,241
2017-08-30,2017-08-01,2017-07-01,2017,8,Aug-17,2017-Q3,3,242
2017-08-31,2017-08-01,2017-07-01,2017,8,Aug-17,2017-Q3,4,243
2017-09-01,2017-09-01,2017-07-01,2017,9,Sep-17,2017-Q3,5,244
2017-09-02,2017-09-01,2017-07-01,2017,9,Sep-17,2017-Q3,6,245
2017-09-03,2017-09-01,2017-07-01,2017,9,Sep-17,2017-Q3,0,246
2017-09-04,2017-09-01,2017-07-01,2017,9,Sep-17,2017-Q3,1,247
2017-09-05,2017-09-01,2017-07-01,2017,9,Sep-17,2017-Q3,2,248
2017-09-06,2017-09-01,2017-07-01,2017,9,Sep-17,2017-Q3,3,249
2017-09-07,2017-09-01,2017-07-01,2017,9,Sep-17,2017-Q3,4,250
2017-09-08,2017-09-01,2017-07-01,2017,9,Sep-17,2017-Q3,5,251
2017-09-09,2017-09-01,2017-07-01,2017,9,Sep-17,2017-Q3,6,252
2017-09-10,2017-09-01,2017-07-01,2017,9,Sep-17,2017-Q3,0,253
2017-09-11,2017-09-01,2017-07-01,2017,9,Sep-17,2017-Q3,1,254
2017-09-12,2017-09-01,2017-07-01,2017,9,Sep-17,2017-Q3,2,255
2017-09-13,2017-09-01,2017-07-01,2017,9,Sep-17,2017-Q3,3,256
2017-09-14,2017-09-01,2017-07-01,2017,9,Sep-17,2017-Q3,4,257
2017-09-15,2017-09-01,2017-07-01,2017,9,Sep-17,2017-Q3,5,258
2017-09-16,2017-09-01,2017-07-01,2017,9,Sep-17,2017-Q3,6,259
2017-09-17,2017-09-01,2017-07-01,2017,9,Sep-17,2017-Q3,0,260
2017-09-18,2017-09-01,2017-07-01,2017,9,Sep-17,2017-Q3,1,261
2017-09-19,2017-09-01,2017-07-01,2017,9,Sep-17,2017-Q3,2,262
2017-09-20,2017-09-01,2017-07-01,2017,9,Sep-17,2017-Q3,3,263
2017-09-21,2017-09-01,2017-07-01,2017,9,Sep-17,2017-Q3,4,264
2017-09-22,2017-09-01,2017-07-01,2017,9,Sep-17,2017-Q3,5,265
2017-09-23,2017-09-01,2017-07-01,2017,9,Sep-17,2017-Q3,6,266
2017-09-24,2017-09-01,2017-07-01,2017,9,Sep-17,2017-Q3,0,267
2017-09-25,2017-09-01,2017-07-01,2017,9,Sep-17,2017-Q3,1,268
2017-09-26,2017-09-01,2017-07-01,2017,9,Sep-17,2017-Q3,2,269
2017-09-27,2017-09-01,2017-07-01,2017,9,Sep-17,2017-Q3,3,270
2017-09-28,2017-09-01,2017-07-01,2017,9,Sep-17,2017-Q3,4,271
2017-09-29,2017-09-01,2017-07-01,2017,9,Sep-17,2017-Q3,5,272
2017-09-30,2017-09-01,2017-07-01,2017,9,Sep-17,2017-Q3,6,273
2017-10-01,2017-10-01,2017-10-01,2017,10,Oct-17,2017-Q4,0,274
2017-10-02,2017-10-01,2017-10-01,2017,10,Oct-17,2017-Q4,1,275
2017-10-03,2017-10-01,2017-10-01,2017,10,Oct-17,2017-Q4,2,276
2017-10-04,2017-10-01,2017-10-01,2017,10,Oct-17,2017-Q4,3,277
2017-10-05,2017-10-01,2017-10-01,2017,10,Oct-17,2017-Q4,4,278
2017-10-06,2017-10-01,2017-10-01,2017,10,Oct-17,2017-Q4,5,279
2017-10-07,2017-10-01,2017-10-01,2017,10,Oct-17,2017-Q4,6,280
2017-10-08,2017-10-01,2017-10-01,2017,10,Oct-17,2017-Q4,0,281
2017-10-09,2017-10-01,2017-10-01,2017,10,Oct-17,2017-Q4,1,282
2017-10-10,2017-10-01,2017-10-01,2017,10,Oct-17,2017-Q4,2,283
2017-10-11,2017-10-01,2017-10-01,2017,10,Oct-17,2017-Q4,3,284
2017-10-12,2017-10-01,2017-10-01,2017,10,Oct-17,2017-Q4,4,285
2017-10-13,2017-10-01,2017-10-01,2017,10,Oct-17,2017-Q4,5,286
2017-10-14,2017-10-01,2017-10-01,2017,10,Oct-17,2017-Q4,6,287
2017-10-15,2017-10-01,2017-10-01,2017,10,Oct-17,2017-Q4,0,288
2017-10-16,2017-10-01,2017-10-01,2017,10,Oct-17,2017-Q4,1,289
2017-10-17,2017-10-01,2017-10-01,2017,10,Oct-17,2017-Q4,2,290
2017-10-18,2017-10-01,2017-10-01,2017,10,Oct-17,2017-Q4,3,291
2017-10-19,2017-10-01,2017-10-01,2017,10,Oct-17,2017-Q4,4,292
2017-10-20,2017-10-01,2017-10-01,2017,10,Oct-17,2017-Q4,5,293
2017-10-21,2017-10-01,2017-10-01,2017,10,Oct-17,2017-Q4,6,294
2017-10-22,2017-10-01,2017-10-01,2017,10,Oct-17,2017-Q4,0,295
2017-10-23,2017-10-01,2017-10-01,2017,10,Oct-17,2017-Q4,1,296
2017-10-24,2017-10-01,2017-10-01,2017,10,Oct-17,2017-Q4,2,297
2017-10-25,2017-10-01,2017-10-01,2017,10,Oct-17,2017-Q4,3,298
2017-10-26,2017-10-01,2017-10-01,2017,10,Oct-17,2017-Q4,4,299
2017-10-27,2017-10-01,2017-10-01,2017,10,Oct-17,2017-Q4,5,300
2017-10-28,2017-10-01,2017-10-01,2017,10,Oct-17,2017-Q4,6,301
2017-10-29,2017-10-01,2017-10-01,2017,10,Oct-17,2017-Q4,0,302
2017-10-30,2017-10-01,2017-10-01,2017,10,Oct-17,2017-Q4,1,303
2017-10-31,2017-10-01,2017-10-01,2017,10,Oct-17,2017-Q4,2,304
2017-11-01,2017-11-01,2017-10-01,2017,11,Nov-17,2017-Q4,3,305
2017-11-02,2017-11-01,2017-10-01,2017,11,Nov-17,2017-Q4,4,306
2017-11-03,2017-11-01,2017-10-01,2017,11,Nov-17,2017-Q4,5,307
2017-11-04,2017-11-01,2017-10-01,2017,11,Nov-17,2017-Q4,6,308
2017-11-05,2017-11-01,2017-10-01,2017,11,Nov-17,2017-Q4,0,309
2017-11-06,2017-11-01,2017-10-01,2017,11,Nov-17,2017-Q4,1,310
2017-11-07,2017-11-01,2017-10-01,2017,11,Nov-17,2017-Q4,2,311
2017-11-08,2017-11-01,2017-10-01,2017,11,Nov-17,2017-Q4,3,312
2017-11-09,2017-11-01,2017-10-01,2017,11,Nov-17,2017-Q4,4,313
2017-11-10,2017-11-01,2017-10-01,2017,11,Nov-17,2017-Q4,5,314
2017-11-11,2017-11-01,2017-10-01,2017,11,Nov-17,2017-Q4,6,315
2017-11-12,2017-11-01,2017-10-01,2017,11,Nov-17,2017-Q4,0,316
2017-11-13,2017-11-01,2017-10-01,2017,11,Nov-17,2017-Q4,1,317
2017-11-14,2017-11-01,2017-10-01,2017,11,Nov-17,2017-Q4,2,318
2017-11-15,2017-11-01,2017-10-01,2017,11,Nov-17,2017-Q4,3,319
2017-11-16,2017-11-01,2017-10-01,2017,11,Nov-17,2017-Q4,4,320
2017-11-17,2017-11-01,2017-10-01,2017,11,Nov-17,2017-Q4,5,321
2017-11-18,2017-11-01,2017-10-01,2017,11,Nov-17,2017-Q4,6,322
2017-11-19,2017-11-01,2017-10-01,2017,11,Nov-17,2017-Q4,0,323
2017-11-20,2017-11-01,2017-10-01,2017,11,Nov-17,2017-Q4,1,324
2017-11-21,2017-11-01,2017-10-01,2017,11,Nov-17,2017-Q4,2,325
2017-11-22,2017-11-01,2017-10-01,2017,11,Nov-17,2017-Q4,3,326
2017-11-23,2017-11-01,2017-10-01,2017,11,Nov-17,2017-Q4,4,327
2017-11-24,2017-11-01,2017-10-01,2017,11,Nov-17,2017-Q4,5,328
2017-11-25,2017-11-01,2017-10-01,2017,11,Nov-17,2017-Q4,6,329
2017-11-26,2017-11-01,2017-10-01,2017,11,Nov-17,2017-Q4,0,330
2017-11-27,2017-11-01,2017-10-01,2017,11,Nov-17,2017-Q4,1,331
2017-11-28,2017-11-01,2017-10-01,2017,11,Nov-17,2017-Q4,2,332
2017-11-29,2017-11-01,2017-10-01,2017,11,Nov-17,2017-Q4,3,333
2017-11-30,2017-11-01,2017-10-01,2017,11,Nov-17,2017-Q4,4,334
2017-12-01,2017-12-01,2017-10-01,2017,12,Dec-17,2017-Q4,5,335
2017-12-02,2017-12-01,2017-10-01,2017,12,Dec-17,2017-Q4,6,336
2017-12-03,2017-12-01,2017-10-01,2017,12,Dec-17,2017-Q4,0,337
2017-12-04,2017-12-01,2017-10-01,2017,12,Dec-17,2017-Q4,1,338
2017-12-05,2017-12-01,2017-10-01,2017,12,Dec-17,2017-Q4,2,339
2017-12-06,2017-12-01,2017-10-01,2017,12,Dec-17,2017-Q4,3,340
2017-12-07,2017-12-01,2017-10-01,2017,12,Dec-17,2017-Q4,4,341
2017-12-08,2017-12-01,2017-10-01,2017,12,Dec-17,2017-Q4,5,342
2017-12-09,2017-12-01,2017-10-01,2017,12,Dec-17,2017-Q4,6,343
2017-12-10,2017-12-01,2017-10-01,2017,12,Dec-17,2017-Q4,0,344
2017-12-11,2017-12-01,2017-10-01,2017,12,Dec-17,2017-Q4,1,345
2017-12-12,2017-12-01,2017-10-01,2017,12,Dec-17,2017-Q4,2,346
2017-12-13,2017-12-01,2017-10-01,2017,12,Dec-17,2017-Q4,3,347
2017-12-14,2017-12-01,2017-10-01,2017,12,Dec-17,2017-Q4,4,348
2017-12-15,2017-12-01,2017-10-01,2017,12,Dec-17,2017-Q4,5,349
2017-12-16,2017-12-01,2017-10-01,2017,12,Dec-17,2017-Q4,6,350
2017-12-17,2017-12-01,2017-10-01,2017,12,Dec-17,2017-Q4,0,351
2017-12-18,2017-12-01,2017-10-01,2017,12,Dec-17,2017-Q4,1,352
2017-12-19,2017-12-01,2017-10-01,2017,12,Dec-17,2017-Q4,2,353
2017-12-20,2017-12-01,2017-10-01,2017,12,Dec-17,2017-Q4,3,354
2017-12-21,2017-12-01,2017-10-01,2017,12,Dec-17,2017-Q4,4,355
2017-12-22,2017-12-01,2017-10-01,2017,12,Dec-17,2017-Q4,5,356
2017-12-23,2017-12-01,2017-10-01,2017,12,Dec-17,2017-Q4,6,357
2017-12-24,2017-12-01,2017-10-01,2017,12,Dec-17,2017-Q4,0,358
2017-12-25,2017-12-01,2017-10-01,2017,12,Dec-17,2017-Q4,1,359
2017-12-26,2017-12-01,2017-10-01,2017,12,Dec-17,2017-Q4,2,360
2017-12-27,2017-12-01,2017-10-01,2017,12,Dec-17,2017-Q4,3,361
2017-12-28,2017-12-01,2017-10-01,2017,12,Dec-17,2017-Q4,4,362
2017-12-29,2017-12-01,2017-10-01,2017,12,Dec-17,2017-Q4,5,363
2017-12-30,2017-12-01,2017-10-01,2017,12,Dec-17,2017-Q4,6,364
2017-12-31,2017-12-01,2017-10-01,2017,12,Dec-17,2017-Q4,0,365
2018-01-01,2018-01-01,2018-01-01,2018,1,Jan-18,2018-Q1,1,1
2018-01-02,2018-01-01,2018-01-01,2018,1,Jan-18,2018-Q1,2,2
2018-01-03,2018-01-01,2018-01-01,2018,1,Jan-18,2018-Q1,3,3
2018-01-04,2018-01-01,2018-01-01,2018,1,Jan-18,2018-Q1,4,4
2018-01-05,2018-01-01,2018-01-01,2018,1,Jan-18,2018-Q1,5,5
2018-01-06,2018-01-01,2018-01-01,2018,1,Jan-18,2018-Q1,6,6
2018-01-07,2018-01-01,2018-01-01,2018,1,Jan-18,2018-Q1,0,7
2018-01-08,2018-01-01,2018-01-01,2018,1,Jan-18,2018-Q1,1,8
2018-01-09,2018-01-01,2018-01-01,2018,1,Jan-18,2018-Q1,2,9
2018-01-10,2018-01-01,2018-01-01,2018,1,Jan-18,2018-Q1,3,10
2018-01-11,2018-01-01,2018-01-01,2018,1,Jan-18,2018-Q1,4,11
2018-01-12,2018-01-01,2018-01-01,2018,1,Jan-18,2018-Q1,5,12
2018-01-13,2018-01-01,2018-01-01,2018,1,Jan-18,2018-Q1,6,13
2018-01-14,2018-01-01,2018-01-01,2018,1,Jan-18,2018-Q1,0,14
2018-01-15,2018-01-01,2018-01-01,2018,1,Jan-18,2018-Q1,1,15
2018-01-16,2018-01-01,2018-01-01,2018,1,Jan-18,2018-Q1,2,16
2018-01-17,2018-01-01,2018-01-01,2018,1,Jan-18,2018-Q1,3,17
2018-01-18,2018-01-01,2018-01-01,2018,1,Jan-18,2018-Q1,4,18
2018-01-19,2018-01-01,2018-01-01,2018,1,Jan-18,2018-Q1,5,19
2018-01-20,2018-01-01,2018-01-01,2018,1,Jan-18,2018-Q1,6,20
2018-01-21,2018-01-01,2018-01-01,2018,1,Jan-18,2018-Q1,0,21
2018-01-22,2018-01-01,2018-01-01,2018,1,Jan-18,2018-Q1,1,22
2018-01-23,2018-01-01,2018-01-01,2018,1,Jan-18,2018-Q1,2,23
2018-01-24,2018-01-01,2018-01-01,2018,1,Jan-18,2018-Q1,3,24
2018-01-25,2018-01-01,2018-01-01,2018,1,Jan-18,2018-Q1,4,25
2018-01-26,2018-01-01,2018-01-01,2018,1,Jan-18,2018-Q1,5,26
2018-01-27,2018-01-01,2018-01-01,2018,1,Jan-18,2018-Q1,6,27
2018-01-28,2018-01-01,2018-01-01,2018,1,Jan-18,2018-Q1,0,28
2018-01-29,2018-01-01,2018-01-01,2018,1,Jan-18,2018-Q1,1,29
2018-01-30,2018-01-01,2018-01-01,2018,1,Jan-18,2018-Q1,2,30
2018-01-31,2018-01-01,2018-01-01,2018,1,Jan-18,2018-Q1,3,31
2018-02-01,2018-02-01,2018-01-01,2018,2,Feb-18,2018-Q1,4,32
2018-02-02,2018-02-01,2018-01-01,2018,2,Feb-18,2018-Q1,5,33
2018-02-03,2018-02-01,2018-01-01,2018,2,Feb-18,2018-Q1,6,34
2018-02-04,2018-02-01,2018-01-01,2018,2,Feb-18,2018-Q1,0,35
2018-02-05,2018-02-01,2018-01-01,2018,2,Feb-18,2018-Q1,1,36
2018-02-06,2018-02-01,2018-01-01,2018,2,Feb-18,2018-Q1,2,37
2018-02-07,2018-02-01,2018-01-01,2018,2,Feb-18,2018-Q1,3,38
2018-02-08,2018-02-01,2018-01-01,2018,2,Feb-18,2018-Q1,4,39
2018-02-09,2018-02-01,2018-01-01,2018,2,Feb-18,2018-Q1,5,40
2018-02-10,2018-02-01,2018-01-01,2018,2,Feb-18,2018-Q1,6,41
2018-02-11,2018-02-01,2018-01-01,2018,2,Feb-18,2018-Q1,0,42
2018-02-12,2018-02-01,2018-01-01,2018,2,Feb-18,2018-Q1,1,43
2018-02-13,2018-02-01,2018-01-01,2018,2,Feb-18,2018-Q1,2,44
2018-02-14,2018-02-01,2018-01-01,2018,2,Feb-18,2018-Q1,3,45
2018-02-15,2018-02-01,2018-01-01,2018,2,Feb-18,2018-Q1,4,46
2018-02-16,2018-02-01,2018-01-01,2018,2,Feb-18,2018-Q1,5,47
2018-02-17,2018-02-01,2018-01-01,2018,2,Feb-18,2018-Q1,6,48
2018-02-18,2018-02-01,2018-01-01,2018,2,Feb-18,2018-Q1,0,49
2018-02-19,2018-02-01,2018-01-01,2018,2,Feb-18,2018-Q1,1,50
2018-02-20,2018-02-01,2018-01-01,2018,2,Feb-18,2018-Q1,2,51
2018-02-21,2018-02-01,2018-01-01,2018,2,Feb-18,2018-Q1,3,52
2018-02-22,2018-02-01,2018-01-01,2018,2,Feb-18,2018-Q1,4,53
2018-02-23,2018-02-01,2018-01-01,2018,2,Feb-18,2018-Q1,5,54
2018-02-24,2018-02-01,2018-01-01,2018,2,Feb-18,2018-Q1,6,55
2018-02-25,2018-02-01,2018-01-01,2018,2,Feb-18,2018-Q1,0,56
2018-02-26,2018-02-01,2018-01-01,2018,2,Feb-18,2018-Q1,1,57
2018-02-27,2018-02-01,2018-01-01,2018,2,Feb-18,2018-Q1,2,58
2018-02-28,2018-02-01,2018-01-01,2018,2,Feb-18,2018-Q1,3,59
2018-03-01,2018-03-01,2018-01-01,2018,3,Mar-18,2018-Q1,4,60
2018-03-02,2018-03-01,2018-01-01,2018,3,Mar-18,2018-Q1,5,61
2018-03-03,2018-03-01,2018-01-01,2018,3,Mar-18,2018-Q1,6,62
2018-03-04,2018-03-01,2018-01-01,2018,3,Mar-18,2018-Q1,0,63
2018-03-05,2018-03-01,2018-01-01,2018,3,Mar-18,2018-Q1,1,64
2018-03-06,2018-03-01,2018-01-01,2018,3,Mar-18,2018-Q1,2,65
2018-03-07,2018-03-01,2018-01-01,2018,3,Mar-18,2018-Q1,3,66
2018-03-08,2018-03-01,2018-01-01,2018,3,Mar-18,2018-Q1,4,67
2018-03-09,2018-03-01,2018-01-01,2018,3,Mar-18,2018-Q1,5,68
2018-03-10,2018-03-01,2018-01-01,2018,3,Mar-18,2018-Q1,6,69
2018-03-11,2018-03-01,2018-01-01,2018,3,Mar-18,2018-Q1,0,70
2018-03-12,2018-03-01,2018-01-01,2018,3,Mar-18,2018-Q1,1,71
2018-03-13,2018-03-01,2018-01-01,2018,3,Mar-18,2018-Q1,2,72
2018-03-14,2018-03-01,2018-01-01,2018,3,Mar-18,2018-Q1,3,73
2018-03-15,2018-03-01,2018-01-01,2018,3,Mar-18,2018-Q1,4,74
2018-03-16,2018-03-01,2018-01-01,2018,3,Mar-18,2018-Q1,5,75
2018-03-17,2018-03-01,2018-01-01,2018,3,Mar-18,2018-Q1,6,76
2018-03-18,2018-03-01,2018-01-01,2018,3,Mar-18,2018-Q1,0,77
2018-03-19,2018-03-01,2018-01-01,2018,3,Mar-18,2018-Q1,1,78
2018-03-20,2018-03-01,2018-01-01,2018,3,Mar-18,2018-Q1,2,79
2018-03-21,2018-03-01,2018-01-01,2018,3,Mar-18,2018-Q1,3,80
2018-03-22,2018-03-01,2018-01-01,2018,3,Mar-18,2018-Q1,4,81
2018-03-23,2018-03-01,2018-01-01,2018,3,Mar-18,2018-Q1,5,82
2018-03-24,2018-03-01,2018-01-01,2018,3,Mar-18,2018-Q1,6,83
2018-03-25,2018-03-01,2018-01-01,2018,3,Mar-18,2018-Q1,0,84
2018-03-26,2018-03-01,2018-01-01,2018,3,Mar-18,2018-Q1,1,85
2018-03-27,2018-03-01,2018-01-01,2018,3,Mar-18,2018-Q1,2,86
2018-03-28,2018-03-01,2018-01-01,2018,3,Mar-18,2018-Q1,3,87
2018-03-29,2018-03-01,2018-01-01,2018,3,Mar-18,2018-Q1,4,88
2018-03-30,2018-03-01,2018-01-01,2018,3,Mar-18,2018-Q1,5,89
2018-03-31,2018-03-01,2018-01-01,2018,3,Mar-18,2018-Q1,6,90
2018-04-01,2018-04-01,2018-04-01,2018,4,Apr-18,2018-Q2,0,91
2018-04-02,2018-04-01,2018-04-01,2018,4,Apr-18,2018-Q2,1,92
2018-04-03,2018-04-01,2018-04-01,2018,4,Apr-18,2018-Q2,2,93
2018-04-04,2018-04-01,2018-04-01,2018,4,Apr-18,2018-Q2,3,94
2018-04-05,2018-04-01,2018-04-01,2018,4,Apr-18,2018-Q2,4,95
2018-04-06,2018-04-01,2018-04-01,2018,4,Apr-18,2018-Q2,5,96
2018-04-07,2018-04-01,2018-04-01,2018,4,Apr-18,2018-Q2,6,97
2018-04-08,2018-04-01,2018-04-01,2018,4,Apr-18,2018-Q2,0,98
2018-04-09,2018-04-01,2018-04-01,2018,4,Apr-18,2018-Q2,1,99
2018-04-10,2018-04-01,2018-04-01,2018,4,Apr-18,2018-Q2,2,100
2018-04-11,2018-04-01,2018-04-01,2018,4,Apr-18,2018-Q2,3,101
2018-04-12,2018-04-01,2018-04-01,2018,4,Apr-18,2018-Q2,4,102
2018-04-13,2018-04-01,2018-04-01,2018,4,Apr-18,2018-Q2,5,103
2018-04-14,2018-04-01,2018-04-01,2018,4,Apr-18,2018-Q2,6,104
2018-04-15,2018-04-01,2018-04-01,2018,4,Apr-18,2018-Q2,0,105
2018-04-16,2018-04-01,2018-04-01,2018,4,Apr-18,2018-Q2,1,106
2018-04-17,2018-04-01,2018-04-01,2018,4,Apr-18,2018-Q2,2,107
2018-04-18,2018-04-01,2018-04-01,2018,4,Apr-18,2018-Q2,3,108
2018-04-19,2018-04-01,2018-04-01,2018,4,Apr-18,2018-Q2,4,109
2018-04-20,2018-04-01,2018-04-01,2018,4,Apr-18,2018-Q2,5,110
2018-04-21,2018-04-01,2018-04-01,2018,4,Apr-18,2018-Q2,6,111
2018-04-22,2018-04-01,2018-04-01,2018,4,Apr-18,2018-Q2,0,112
2018-04-23,2018-04-01,2018-04-01,2018,4,Apr-18,2018-Q2,1,113
2018-04-24,2018-04-01,2018-04-01,2018,4,Apr-18,2018-Q2,2,114
2018-04-25,2018-04-01,2018-04-01,2018,4,Apr-18,2018-Q2,3,115
2018-04-26,2018-04-01,2018-04-01,2018,4,Apr-18,2018-Q2,4,116
2018-04-27,2018-04-01,2018-04-01,2018,4,Apr-18,2018-Q2,5,117
2018-04-28,2018-04-01,2018-04-01,2018,4,Apr-18,2018-Q2,6,118
2018-04-29,2018-04-01,2018-04-01,2018,4,Apr-18,2018-Q2,0,119
2018-04-30,2018-04-01,2018-04-01,2018,4,Apr-18,2018-Q2,1,120
2018-05-01,2018-05-01,2018-04-01,2018,5,May-18,2018-Q2,2,121
2018-05-02,2018-05-01,2018-04-01,2018,5,May-18,2018-Q2,3,122
2018-05-03,2018-05-01,2018-04-01,2018,5,May-18,2018-Q2,4,123
2018-05-04,2018-05-01,2018-04-01,2018,5,May-18,2018-Q2,5,124
2018-05-05,2018-05-01,2018-04-01,2018,5,May-18,2018-Q2,6,125
2018-05-06,2018-05-01,2018-04-01,2018,5,May-18,2018-Q2,0,126
2018-05-07,2018-05-01,2018-04-01,2018,5,May-18,2018-Q2,1,127
2018-05-08,2018-05-01,2018-04-01,2018,5,May-18,2018-Q2,2,128
2018-05-09,2018-05-01,2018-04-01,2018,5,May-18,2018-Q2,3,129
2018-05-10,2018-05-01,2018-04-01,2018,5,May-18,2018-Q2,4,130
2018-05-11,2018-05-01,2018-04-01,2018,5,May-18,2018-Q2,5,131
2018-05-12,2018-05-01,2018-04-01,2018,5,May-18,2018-Q2,6,132
2018-05-13,2018-05-01,2018-04-01,2018,5,May-18,2018-Q2,0,133
2018-05-14,2018-05-01,2018-04-01,2018,5,May-18,2018-Q2,1,134
2018-05-15,2018-05-01,2018-04-01,2018,5,May-18,2018-Q2,2,135
2018-05-16,2018-05-01,2018-04-01,2018,5,May-18,2018-Q2,3,136
2018-05-17,2018-05-01,2018-04-01,2018,5,May-18,2018-Q2,4,137
2018-05-18,2018-05-01,2018-04-01,2018,5,May-18,2018-Q2,5,138
2018-05-19,2018-05-01,2018-04-01,2018,5,May-18,2018-Q2,6,139
2018-05-20,2018-05-01,2018-04-01,2018,5,May-18,2018-Q2,0,140
2018-05-21,2018-05-01,2018-04-01,2018,5,May-18,2018-Q2,1,141
2018-05-22,2018-05-01,2018-04-01,2018,5,May-18,2018-Q2,2,142
2018-05-23,2018-05-01,2018-04-01,2018,5,May-18,2018-Q2,3,143
2018-05-24,2018-05-01,2018-04-01,2018,5,May-18,2018-Q2,4,144
2018-05-25,2018-05-01,2018-04-01,2018,5,May-18,2018-Q2,5,145
2018-05-26,2018-05-01,2018-04-01,2018,5,May-18,2018-Q2,6,146
2018-05-27,2018-05-01,2018-04-01,2018,5,May-18,2018-Q2,0,147
2018-05-28,2018-05-01,2018-04-01,2018,5,May-18,2018-Q2,1,148
2018-05-29,2018-05-01,2018-04-01,2018,5,May-18,2018-Q2,2,149
2018-05-30,2018-05-01,2018-04-01,2018,5,May-18,2018-Q2,3,150
2018-05-31,2018-05-01,2018-04-01,2018,5,May-18,2018-Q2,4,151
2018-06-01,2018-06-01,2018-04-01,2018,6,Jun-18,2018-Q2,5,152
2018-06-02,2018-06-01,2018-04-01,2018,6,Jun-18,2018-Q2,6,153
2018-06-03,2018-06-01,2018-04-01,2018,6,Jun-18,2018-Q2,0,154
2018-06-04,2018-06-01,2018-04-01,2018,6,Jun-18,2018-Q2,1,155
2018-06-05,2018-06-01,2018-04-01,2018,6,Jun-18,2018-Q2,2,156
2018-06-06,2018-06-01,2018-04-01,2018,6,Jun-18,2018-Q2,3,157
2018-06-07,2018-06-01,2018-04-01,2018,6,Jun-18,2018-Q2,4,158
2018-06-08,2018-06-01,2018-04-01,2018,6,Jun-18,2018-Q2,5,159
2018-06-09,2018-06-01,2018-04-01,2018,6,Jun-18,2018-Q2,6,160
2018-06-10,2018-06-01,2018-04-01,2018,6,Jun-18,2018-Q2,0,161
2018-06-11,2018-06-01,2018-04-01,2018,6,Jun-18,2018-Q2,1,162
2018-06-12,2018-06-01,2018-04-01,2018,6,Jun-18,2018-Q2,2,163
2018-06-13,2018-06-01,2018-04-01,2018,6,Jun-18,2018-Q2,3,164
2018-06-14,2018-06-01,2018-04-01,2018,6,Jun-18,2018-Q2,4,165
2018-06-15,2018-06-01,2018-04-01,2018,6,Jun-18,2018-Q2,5,166
2018-06-16,2018-06-01,2018-04-01,2018,6,Jun-18,2018-Q2,6,167
2018-06-17,2018-06-01,2018-04-01,2018,6,Jun-18,2018-Q2,0,168
2018-06-18,2018-06-01,2018-04-01,2018,6,Jun-18,2018-Q2,1,169
2018-06-19,2018-06-01,2018-04-01,2018,6,Jun-18,2018-Q2,2,170
2018-06-20,2018-06-01,2018-04-01,2018,6,Jun-18,2018-Q2,3,171
2018-06-21,2018-06-01,2018-04-01,2018,6,Jun-18,2018-Q2,4,172
2018-06-22,2018-06-01,2018-04-01,2018,6,Jun-18,2018-Q2,5,173
2018-06-23,2018-06-01,2018-04-01,2018,6,Jun-18,2018-Q2,6,174
2018-06-24,2018-06-01,2018-04-01,2018,6,Jun-18,2018-Q2,0,175
2018-06-25,2018-06-01,2018-04-01,2018,6,Jun-18,2018-Q2,1,176
2018-06-26,2018-06-01,2018-04-01,2018,6,Jun-18,2018-Q2,2,177
2018-06-27,2018-06-01,2018-04-01,2018,6,Jun-18,2018-Q2,3,178
2018-06-28,2018-06-01,2018-04-01,2018,6,Jun-18,2018-Q2,4,179
2018-06-29,2018-06-01,2018-04-01,2018,6,Jun-18,2018-Q2,5,180
2018-06-30,2018-06-01,2018-04-01,2018,6,Jun-18,2018-Q2,6,181
2018-07-01,2018-07-01,2018-07-01,2018,7,Jul-18,2018-Q3,0,182
2018-07-02,2018-07-01,2018-07-01,2018,7,Jul-18,2018-Q3,1,183
2018-07-03,2018-07-01,2018-07-01,2018,7,Jul-18,2018-Q3,2,184
2018-07-04,2018-07-01,2018-07-01,2018,7,Jul-18,2018-Q3,3,185
2018-07-05,2018-07-01,2018-07-01,2018,7,Jul-18,2018-Q3,4,186
2018-07-06,2018-07-01,2018-07-01,2018,7,Jul-18,2018-Q3,5,187
2018-07-07,2018-07-01,2018-07-01,2018,7,Jul-18,2018-Q3,6,188
2018-07-08,2018-07-01,2018-07-01,2018,7,Jul-18,2018-Q3,0,189
2018-07-09,2018-07-01,2018-07-01,2018,7,Jul-18,2018-Q3,1,190
2018-07-10,2018-07-01,2018-07-01,2018,7,Jul-18,2018-Q3,2,191
2018-07-11,2018-07-01,2018-07-01,2018,7,Jul-18,2018-Q3,3,192
2018-07-12,2018-07-01,2018-07-01,2018,7,Jul-18,2018-Q3,4,193
2018-07-13,2018-07-01,2018-07-01,2018,7,Jul-18,2018-Q3,5,194
2018-07-14,2018-07-01,2018-07-01,2018,7,Jul-18,2018-Q3,6,195
2018-07-15,2018-07-01,2018-07-01,2018,7,Jul-18,2018-Q3,0,196
2018-07-16,2018-07-01,2018-07-01,2018,7,Jul-18,2018-Q3,1,197
2018-07-17,2018-07-01,2018-07-01,2018,7,Jul-18,2018-Q3,2,198
2018-07-18,2018-07-01,2018-07-01,2018,7,Jul-18,2018-Q3,3,199
2018-07-19,2018-07-01,2018-07-01,2018,7,Jul-18,2018-Q3,4,200
2018-07-20,2018-07-01,2018-07-01,2018,7,Jul-18,2018-Q3,5,201
2018-07-21,2018-07-01,2018-07-01,2018,7,Jul-18,2018-Q3,6,202
2018-07-22,2018-07-01,2018-07-01,2018,7,Jul-18,2018-Q3,0,203
2018-07-23,2018-07-01,2018-07-01,2018,7,Jul-18,2018-Q3,1,204
2018-07-24,2018-07-01,2018-07-01,2018,7,Jul-18,2018-Q3,2,205
2018-07-25,2018-07-01,2018-07-01,2018,7,Jul-18,2018-Q3,3,206
2018-07-26,2018-07-01,2018-07-01,2018,7,Jul-18,2018-Q3,4,207
2018-07-27,2018-07-01,2018-07-01,2018,7,Jul-18,2018-Q3,5,208
2018-07-28,2018-07-01,2018-07-01,2018,7,Jul-18,2018-Q3,6,209
2018-07-29,2018-07-01,2018-07-01,2018,7,Jul-18,2018-Q3,0,210
2018-07-30,2018-07-01,2018-07-01,2018,7,Jul-18,2018-Q3,1,211
2018-07-31,2018-07-01,2018-07-01,2018,7,Jul-18,2018-Q3,2,212
2018-08-01,2018-08-01,2018-07-01,2018,8,Aug-18,2018-Q3,3,213
2018-08-02,2018-08-01,2018-07-01,2018,8,Aug-18,2018-Q3,4,214
2018-08-03,2018-08-01,2018-07-01,2018,8,Aug-18,2018-Q3,5,215
2018-08-04,2018-08-01,2018-07-01,2018,8,Aug-18,2018-Q3,6,216
2018-08-05,2018-08-01,2018-07-01,2018,8,Aug-18,2018-Q3,0,217
2018-08-06,2018-08-01,2018-07-01,2018,8,Aug-18,2018-Q3,1,218
2018-08-07,2018-08-01,2018-07-01,2018,8,Aug-18,2018-Q3,2,219
2018-08-08,2018-08-01,2018-07-01,2018,8,Aug-18,2018-Q3,3,220
2018-08-09,2018-08-01,2018-07-01,2018,8,Aug-18,2018-Q3,4,221
2018-08-10,2018-08-01,2018-07-01,2018,8,Aug-18,2018-Q3,5,222
2018-08-11,2018-08-01,2018-07-01,2018,8,Aug-18,2018-Q3,6,223
2018-08-12,2018-08-01,2018-07-01,2018,8,Aug-18,2018-Q3,0,224
2018-08-13,2018-08-01,2018-07-01,2018,8,Aug-18,2018-Q3,1,225
2018-08-14,2018-08-01,2018-07-01,2018,8,Aug-18,2018-Q3,2,226
2018-08-15,2018-08-01,2018-07-01,2018,8,Aug-18,2018-Q3,3,227
2018-08-16,2018-08-01,2018-07-01,2018,8,Aug-18,2018-Q3,4,228
2018-08-17,2018-08-01,2018-07-01,2018,8,Aug-18,2018-Q3,5,229
2018-08-18,2018-08-01,2018-07-01,2018,8,Aug-18,2018-Q3,6,230
2018-08-19,2018-08-01,2018-07-01,2018,8,Aug-18,2018-Q3,0,231
2018-08-20,2018-08-01,2018-07-01,2018,8,Aug-18,2018-Q3,1,232
2018-08-21,2018-08-01,2018-07-01,2018,8,Aug-18,2018-Q3,2,233
2018-08-22,2018-08-01,2018-07-01,2018,8,Aug-18,2018-Q3,3,234
2018-08-23,2018-08-01,2018-07-01,2018,8,Aug-18,2018-Q3,4,235
2018-08-24,2018-08-01,2018-07-01,2018,8,Aug-18,2018-Q3,5,236
2018-08-25,2018-08-01,2018-07-01,2018,8,Aug-18,2018-Q3,6,237
2018-08-26,2018-08-01,2018-07-01,2018,8,Aug-18,2018-Q3,0,238
2018-08-27,2018-08-01,2018-07-01,2018,8,Aug-18,2018-Q3,1,239
2018-08-28,2018-08-01,2018-07-01,2018,8,Aug-18,2018-Q3,2,240
2018-08-29,2018-08-01,2018-07-01,2018,8,Aug-18,2018-Q3,3,241
2018-08-30,2018-08-01,2018-07-01,2018,8,Aug-18,2018-Q3,4,242
2018-08-31,2018-08-01,2018-07-01,2018,8,Aug-18,2018-Q3,5,243
2018-09-01,2018-09-01,2018-07-01,2018,9,Sep-18,2018-Q3,6,244
2018-09-02,2018-09-01,2018-07-01,2018,9,Sep-18,2018-Q3,0,245
2018-09-03,2018-09-01,2018-07-01,2018,9,Sep-18,2018-Q3,1,246
2018-09-04,2018-09-01,2018-07-01,2018,9,Sep-18,2018-Q3,2,247
2018-09-05,2018-09-01,2018-07-01,2018,9,Sep-18,2018-Q3,3,248
2018-09-06,2018-09-01,2018-07-01,2018,9,Sep-18,2018-Q3,4,249
2018-09-07,2018-09-01,2018-07-01,2018,9,Sep-18,2018-Q3,5,250
2018-09-08,2018-09-01,2018-07-01,2018,9,Sep-18,2018-Q3,6,251
2018-09-09,2018-09-01,2018-07-01,2018,9,Sep-18,2018-Q3,0,252
2018-09-10,2018-09-01,2018-07-01,2018,9,Sep-18,2018-Q3,1,253
2018-09-11,2018-09-01,2018-07-01,2018,9,Sep-18,2018-Q3,2,254
2018-09-12,2018-09-01,2018-07-01,2018,9,Sep-18,2018-Q3,3,255
2018-09-13,2018-09-01,2018-07-01,2018,9,Sep-18,2018-Q3,4,256
2018-09-14,2018-09-01,2018-07-01,2018,9,Sep-18,2018-Q3,5,257
2018-09-15,2018-09-01,2018-07-01,2018,9,Sep-18,2018-Q3,6,258
2018-09-16,2018-09-01,2018-07-01,2018,9,Sep-18,2018-Q3,0,259
2018-09-17,2018-09-01,2018-07-01,2018,9,Sep-18,2018-Q3,1,260
2018-09-18,2018-09-01,2018-07-01,2018,9,Sep-18,2018-Q3,2,261
2018-09-19,2018-09-01,2018-07-01,2018,9,Sep-18,2018-Q3,3,262
2018-09-20,2018-09-01,2018-07-01,2018,9,Sep-18,2018-Q3,4,263
2018-09-21,2018-09-01,2018-07-01,2018,9,Sep-18,2018-Q3,5,264
2018-09-22,2018-09-01,2018-07-01,2018,9,Sep-18,2018-Q3,6,265
2018-09-23,2018-09-01,2018-07-01,2018,9,Sep-18,2018-Q3,0,266
2018-09-24,2018-09-01,2018-07-01,2018,9,Sep-18,2018-Q3,1,267
2018-09-25,2018-09-01,2018-07-01,2018,9,Sep-18,2018-Q3,2,268
2018-09-26,2018-09-01,2018-07-01,2018,9,Sep-18,2018-Q3,3,269
2018-09-27,2018-09-01,2018-07-01,2018,9,Sep-18,2018-Q3,4,270
2018-09-28,2018-09-01,2018-07-01,2018,9,Sep-18,2018-Q3,5,271
2018-09-29,2018-09-01,2018-07-01,2018,9,Sep-18,2018-Q3,6,272
2018-09-30,2018-09-01,2018-07-01,2018,9,Sep-18,2018-Q3,0,273
2018-10-01,2018-10-01,2018-10-01,2018,10,Oct-18,2018-Q4,1,274
2018-10-02,2018-10-01,2018-10-01,2018,10,Oct-18,2018-Q4,2,275
2018-10-03,2018-10-01,2018-10-01,2018,10,Oct-18,2018-Q4,3,276
2018-10-04,2018-10-01,2018-10-01,2018,10,Oct-18,2018-Q4,4,277
2018-10-05,2018-10-01,2018-10-01,2018,10,Oct-18,2018-Q4,5,278
2018-10-06,2018-10-01,2018-10-01,2018,10,Oct-18,2018-Q4,6,279
2018-10-07,2018-10-01,2018-10-01,2018,10,Oct-18,2018-Q4,0,280
2018-10-08,2018-10-01,2018-10-01,2018,10,Oct-18,2018-Q4,1,281
2018-10-09,2018-10-01,2018-10-01,2018,10,Oct-18,2018-Q4,2,282
2018-10-10,2018-10-01,2018-10-01,2018,10,Oct-18,2018-Q4,3,283
2018-10-11,2018-10-01,2018-10-01,2018,10,Oct-18,2018-Q4,4,284
2018-10-12,2018-10-01,2018-10-01,2018,10,Oct-18,2018-Q4,5,285
2018-10-13,2018-10-01,2018-10-01,2018,10,Oct-18,2018-Q4,6,286
2018-10-14,2018-10-01,2018-10-01,2018,10,Oct-18,2018-Q4,0,287
2018-10-15,2018-10-01,2018-10-01,2018,10,Oct-18,2018-Q4,1,288
2018-10-16,2018-10-01,2018-10-01,2018,10,Oct-18,2018-Q4,2,289
2018-10-17,2018-10-01,2018-10-01,2018,10,Oct-18,2018-Q4,3,290
