order_month,orders,customers,revenue,aov,revenue_per_customer,items_sold,avg_delivery_days,avg_review_score
2016-09-01,2,2,207.86,103.93,103.93,5.0,55.0,1.0
2016-10-01,273,270,41415.34,151.7,153.39,325.0,19.6,3.94
2016-12-01,1,1,10.9,10.9,10.9,1.0,5.0,5.0
2017-01-01,766,732,114856.38,149.94,156.91,935.0,12.8,4.17
2017-02-01,1674,1651,238807.34,142.66,144.64,1888.0,13.3,4.18
2017-03-01,2591,2551,364362.46,140.63,142.83,2957.0,13.0,4.16
2017-04-01,2352,2320,347323.47,147.67,149.71,2639.0,15.0,4.09
2017-05-01,3601,3532,503271.02,139.76,142.49,4104.0,11.4,4.21
2017-06-01,3182,3122,428337.45,134.61,137.2,3558.0,12.0,4.2
2017-07-01,3928,3856,491819.84,125.21,127.55,4509.0,11.5,4.24
2017-08-01,4234,4155,565060.84,133.46,136.0,4886.0,11.0,4.29
2017-09-01,4188,4117,617862.79,147.53,150.08,4816.0,11.7,4.25
2017-10-01,4511,4447,659316.35,146.16,148.26,5285.0,11.7,4.19
2017-11-01,7361,7254,1001140.47,136.01,138.01,8604.0,15.1,3.97
2017-12-01,5570,5503,737055.74,132.33,133.94,6291.0,15.3,4.07
2018-01-01,7143,7045,940305.92,131.64,133.47,8174.0,14.0,4.09
2018-02-01,6612,6456,840969.68,127.19,130.26,7622.0,16.9,3.87
2018-03-01,7136,7046,975585.36,136.71,138.46,8212.0,16.2,3.78
2018-04-01,6897,6841,995245.01,144.3,145.48,7975.0,11.4,4.18
2018-05-01,6803,6745,988884.05,145.36,146.61,7897.0,11.3,4.22
2018-06-01,6142,6103,864886.11,140.82,141.71,7089.0,9.2,4.29
2018-07-01,6219,6158,878540.48,141.27,142.67,7055.0,8.9,4.3
2018-08-01,6398,6357,848124.28,132.56,133.42,7215.0,7.7,4.3
2018-09-01,1,1,145.0,145.0,145.0,1.0,,1.0
