customer_state,orders,customers,revenue,aov,pct_revenue,avg_delivery_days,avg_review_score
SP,40847,39464,5168899.08,126.54,38.27,8.7,4.16
RJ,12646,12185,1818948.87,143.84,13.47,15.1,3.83
MG,11435,11068,1572441.83,137.51,11.64,11.9,4.11
RS,5383,5203,742061.42,137.85,5.49,15.2,4.08
PR,4956,4796,677378.0,136.68,5.02,11.9,4.13
SC,3582,3476,516145.39,144.09,3.82,14.9,4.03
BA,3326,3225,505743.04,152.06,3.74,19.2,3.83
DF,2114,2047,303334.15,143.49,2.25,12.9,4.03
GO,1993,1925,290827.2,145.92,2.15,15.3,4.02
ES,2013,1944,273457.6,135.85,2.02,15.6,4.01
PE,1635,1586,259512.51,158.72,1.92,18.2,3.98
CE,1319,1295,225780.77,171.18,1.67,20.9,3.82
PA,965,941,178179.81,184.64,1.32,23.7,3.81
MT,902,870,154633.23,171.43,1.15,17.9,3.98
MA,737,713,119822.39,162.58,0.89,21.5,3.73
MS,705,684,117296.92,166.38,0.87,15.5,4.07
PB,530,513,114836.28,216.67,0.85,20.5,4.01
PI,483,471,85558.86,177.14,0.63,19.3,3.95
RN,481,470,83361.79,173.31,0.62,19.3,4.07
AL,407,395,81633.03,200.57,0.6,24.4,3.77
SE,347,337,60152.74,173.35,0.45,21.3,3.85
TO,277,270,49328.99,178.08,0.37,17.4,4.13
RO,244,231,45801.66,187.71,0.34,19.6,4.07
AM,147,142,22545.54,153.37,0.17,26.1,4.08
AC,81,77,15982.95,197.32,0.12,20.7,4.1
AP,67,66,13374.81,199.62,0.1,28.2,4.26
RR,45,44,7739.44,171.99,0.06,28.2,3.61
