order_month,delivered_orders,avg_delivery_days,median_delivery_days,on_time_orders,on_time_pct,avg_days_to_ship,avg_days_vs_estimate
2016-09-01,1,55.0,55.0,0.0,0.0,53.0,-36.0
2016-10-01,265,19.63,18.0,263.0,99.25,12.95,36.68
2016-12-01,1,5.0,5.0,1.0,100.0,4.0,22.0
2017-01-01,750,12.75,11.0,728.0,97.07,2.96,27.41
2017-02-01,1652,13.18,11.0,1604.0,97.09,3.27,19.32
2017-03-01,2546,13.04,10.0,2430.0,95.44,2.94,12.33
2017-04-01,2303,15.02,13.0,2152.0,93.44,3.19,12.97
2017-05-01,3545,11.43,10.0,3439.0,97.01,2.6,13.5
2017-06-01,3135,12.01,11.0,3040.0,96.97,2.7,12.64
2017-07-01,3872,11.49,10.0,3764.0,97.21,2.54,12.47
2017-08-01,4193,11.02,10.0,4071.0,97.09,2.48,13.1
2017-09-01,4150,11.72,10.0,3968.0,95.61,2.53,11.35
2017-10-01,4478,11.73,10.0,4291.0,95.82,2.83,11.92
2017-11-01,7288,15.07,13.0,6384.0,87.6,3.41,8.12
2017-12-01,5513,15.31,13.0,5102.0,92.54,3.07,13.01
2018-01-01,7069,14.01,12.0,6666.0,94.3,3.0,12.93
2018-02-01,6554,16.84,14.0,5629.0,85.89,3.01,8.32
2018-03-01,7003,16.24,13.0,5675.0,81.04,2.82,6.43
2018-04-01,6798,11.42,9.0,6492.0,95.5,2.11,12.9
2018-05-01,6749,11.34,9.0,6306.0,93.44,2.3,12.19
2018-06-01,6096,9.16,8.0,6025.0,98.84,2.2,19.24
2018-07-01,6156,8.89,7.0,5948.0,96.62,2.28,11.44
2018-08-01,6351,7.66,7.0,5958.0,93.81,2.15,8.16
