cohort_month,cohort_size,month_offset,active_customers,retention_pct
2016-09-01,2,0,2,100.0
2016-10-01,270,0,270,100.0
2016-10-01,270,6,1,0.37
2016-10-01,270,9,1,0.37
2016-10-01,270,11,1,0.37
2016-10-01,270,13,1,0.37
2016-10-01,270,15,1,0.37
2016-10-01,270,17,1,0.37
2016-10-01,270,19,2,0.74
2016-10-01,270,20,2,0.74
2016-12-01,1,0,1,100.0
2016-12-01,1,1,1,100.0
2017-01-01,731,0,731,100.0
2017-01-01,731,1,3,0.41
2017-01-01,731,2,2,0.27
2017-01-01,731,3,1,0.14
2017-01-01,731,4,3,0.41
2017-01-01,731,5,1,0.14
2017-01-01,731,6,3,0.41
2017-01-01,731,7,1,0.14
2017-01-01,731,8,1,0.14
2017-01-01,731,10,3,0.41
2017-01-01,731,11,1,0.14
2017-01-01,731,12,5,0.68
2017-01-01,731,13,3,0.41
2017-01-01,731,14,1,0.14
2017-01-01,731,15,1,0.14
2017-01-01,731,16,2,0.27
2017-01-01,731,17,3,0.41
2017-01-01,731,19,1,0.14
2017-02-01,1648,0,1648,100.0
2017-02-01,1648,1,4,0.24
2017-02-01,1648,2,5,0.3
2017-02-01,1648,3,2,0.12
2017-02-01,1648,4,7,0.42
2017-02-01,1648,5,2,0.12
2017-02-01,1648,6,4,0.24
2017-02-01,1648,7,3,0.18
2017-02-01,1648,8,2,0.12
2017-02-01,1648,9,3,0.18
2017-02-01,1648,10,2,0.12
2017-02-01,1648,11,5,0.3
2017-02-01,1648,12,2,0.12
2017-02-01,1648,13,3,0.18
2017-02-01,1648,14,2,0.12
2017-02-01,1648,15,1,0.06
2017-02-01,1648,16,1,0.06
2017-02-01,1648,17,3,0.18
2017-03-01,2545,0,2545,100.0
2017-03-01,2545,1,13,0.51
2017-03-01,2545,2,9,0.35
2017-03-01,2545,3,10,0.39
2017-03-01,2545,4,9,0.35
2017-03-01,2545,5,4,0.16
2017-03-01,2545,6,4,0.16
2017-03-01,2545,7,8,0.31
2017-03-01,2545,8,8,0.31
2017-03-01,2545,9,2,0.08
2017-03-01,2545,10,9,0.35
2017-03-01,2545,11,3,0.12
2017-03-01,2545,12,5,0.2
2017-03-01,2545,13,3,0.12
2017-03-01,2545,14,4,0.16
2017-03-01,2545,15,6,0.24
2017-03-01,2545,16,2,0.08
2017-03-01,2545,17,4,0.16
2017-04-01,2300,0,2300,100.0
2017-04-01,2300,1,14,0.61
2017-04-01,2300,2,5,0.22
2017-04-01,2300,3,4,0.17
2017-04-01,2300,4,7,0.3
2017-04-01,2300,5,6,0.26
2017-04-01,2300,6,8,0.35
2017-04-01,2300,7,7,0.3
2017-04-01,2300,8,7,0.3
2017-04-01,2300,9,4,0.17
2017-04-01,2300,10,6,0.26
2017-04-01,2300,11,2,0.09
2017-04-01,2300,12,1,0.04
2017-04-01,2300,13,1,0.04
2017-04-01,2300,14,2,0.09
2017-04-01,2300,15,2,0.09
2017-04-01,2300,16,3,0.13
2017-05-01,3504,0,3504,100.0
2017-05-01,3504,1,17,0.49
2017-05-01,3504,2,17,0.49
2017-05-01,3504,3,13,0.37
2017-05-01,3504,4,11,0.31
2017-05-01,3504,5,12,0.34
2017-05-01,3504,6,15,0.43
2017-05-01,3504,7,5,0.14
2017-05-01,3504,8,9,0.26
2017-05-01,3504,9,9,0.26
2017-05-01,3504,10,9,0.26
2017-05-01,3504,11,12,0.34
2017-05-01,3504,12,9,0.26
2017-05-01,3504,13,1,0.03
2017-05-01,3504,14,7,0.2
2017-05-01,3504,15,8,0.23
2017-06-01,3082,0,3082,100.0
2017-06-01,3082,1,14,0.45
2017-06-01,3082,2,11,0.36
2017-06-01,3082,3,12,0.39
2017-06-01,3082,4,8,0.26
2017-06-01,3082,5,11,0.36
2017-06-01,3082,6,11,0.36
2017-06-01,3082,7,7,0.23
2017-06-01,3082,8,4,0.13
2017-06-01,3082,9,7,0.23
2017-06-01,3082,10,9,0.29
2017-06-01,3082,11,10,0.32
2017-06-01,3082,12,5,0.16
2017-06-01,3082,13,4,0.13
2017-06-01,3082,14,6,0.19
2017-07-01,3806,0,3806,100.0
2017-07-01,3806,1,20,0.53
2017-07-01,3806,2,13,0.34
2017-07-01,3806,3,9,0.24
2017-07-01,3806,4,11,0.29
2017-07-01,3806,5,8,0.21
2017-07-01,3806,6,12,0.32
2017-07-01,3806,7,4,0.11
2017-07-01,3806,8,7,0.18
2017-07-01,3806,9,10,0.26
2017-07-01,3806,10,8,0.21
2017-07-01,3806,11,11,0.29
2017-07-01,3806,12,5,0.13
2017-07-01,3806,13,10,0.26
2017-08-01,4095,0,4095,100.0
2017-08-01,4095,1,28,0.68
2017-08-01,4095,2,14,0.34
2017-08-01,4095,3,11,0.27
2017-08-01,4095,4,14,0.34
2017-08-01,4095,5,22,0.54
2017-08-01,4095,6,12,0.29
2017-08-01,4095,7,11,0.27
2017-08-01,4095,8,6,0.15
2017-08-01,4095,9,6,0.15
2017-08-01,4095,10,10,0.24
2017-08-01,4095,11,8,0.2
2017-08-01,4095,12,5,0.12
2017-09-01,4038,0,4038,100.0
2017-09-01,4038,1,28,0.69
2017-09-01,4038,2,22,0.54
2017-09-01,4038,3,12,0.3
2017-09-01,4038,4,18,0.45
2017-09-01,4038,5,9,0.22
2017-09-01,4038,6,9,0.22
2017-09-01,4038,7,10,0.25
2017-09-01,4038,8,12,0.3
2017-09-01,4038,9,7,0.17
2017-09-01,4038,10,11,0.27
2017-09-01,4038,11,3,0.07
2017-10-01,4358,0,4358,100.0
2017-10-01,4358,1,31,0.71
2017-10-01,4358,2,11,0.25
2017-10-01,4358,3,4,0.09
2017-10-01,4358,4,10,0.23
2017-10-01,4358,5,9,0.21
2017-10-01,4358,6,9,0.21
2017-10-01,4358,7,16,0.37
2017-10-01,4358,8,12,0.28
2017-10-01,4358,9,9,0.21
2017-10-01,4358,10,9,0.21
2017-11-01,7131,0,7131,100.0
2017-11-01,7131,1,40,0.56
2017-11-01,7131,2,28,0.39
2017-11-01,7131,3,12,0.17
2017-11-01,7131,4,13,0.18
2017-11-01,7131,5,13,0.18
2017-11-01,7131,6,8,0.11
2017-11-01,7131,7,14,0.2
2017-11-01,7131,8,9,0.13
2017-11-01,7131,9,4,0.06
2017-12-01,5390,0,5390,100.0
2017-12-01,5390,1,12,0.22
2017-12-01,5390,2,15,0.28
2017-12-01,5390,3,18,0.33
2017-12-01,5390,4,14,0.26
2017-12-01,5390,5,11,0.2
2017-12-01,5390,6,9,0.17
2017-12-01,5390,7,1,0.02
2017-12-01,5390,8,11,0.2
2018-01-01,6909,0,6909,100.0
2018-01-01,6909,1,23,0.33
2018-01-01,6909,2,25,0.36
2018-01-01,6909,3,20,0.29
2018-01-01,6909,4,20,0.29
2018-01-01,6909,5,11,0.16
2018-01-01,6909,6,12,0.17
2018-01-01,6909,7,16,0.23
2018-02-01,6344,0,6344,100.0
2018-02-01,6344,1,23,0.36
2018-02-01,6344,2,25,0.39
2018-02-01,6344,3,19,0.3
2018-02-01,6344,4,17,0.27
2018-02-01,6344,5,14,0.22
2018-02-01,6344,6,13,0.2
2018-03-01,6903,0,6903,100.0
2018-03-01,6903,1,28,0.41
2018-03-01,6903,2,21,0.3
2018-03-01,6903,3,20,0.29
2018-03-01,6903,4,9,0.13
2018-03-01,6903,5,8,0.12
2018-04-01,6678,0,6678,100.0
2018-04-01,6678,1,39,0.58
2018-04-01,6678,2,21,0.31
2018-04-01,6678,3,16,0.24
2018-04-01,6678,4,9,0.13
2018-05-01,6556,0,6556,100.0
2018-05-01,6556,1,34,0.52
2018-05-01,6556,2,17,0.26
2018-05-01,6556,3,13,0.2
2018-06-01,5917,0,5917,100.0
2018-06-01,5917,1,25,0.42
2018-06-01,5917,2,16,0.27
2018-07-01,6004,0,6004,100.0
2018-07-01,6004,1,31,0.52
2018-08-01,6187,0,6187,100.0
2018-08-01,6187,1,1,0.02
