customer_state,delivered_orders,avg_delivery_days,on_time_pct,avg_review_score
SP,40953,8.71,95.52,4.25
RJ,12504,15.22,87.92,3.96
MG,11490,11.96,95.4,4.19
RS,5402,15.3,93.82,4.18
PR,4957,11.96,95.95,4.24
SC,3580,14.91,91.82,4.13
BA,3282,19.29,87.81,3.93
DF,2108,12.93,94.4,4.13
ES,2019,15.63,89.45,4.09
GO,1983,15.53,93.44,4.11
PE,1613,18.33,90.45,4.09
CE,1286,21.18,86.24,3.94
PA,954,23.77,88.78,3.91
MT,891,18.03,93.83,4.15
MA,726,21.41,82.78,3.84
MS,713,15.55,90.46,4.17
PB,520,20.35,89.62,4.08
PI,479,19.41,86.01,4.0
RN,477,19.26,90.57,4.14
AL,405,24.42,78.77,3.85
SE,340,21.32,85.0,3.92
TO,274,17.6,90.15,4.15
RO,244,19.28,97.13,4.16
AM,148,26.12,97.3,4.22
AC,80,21.0,96.25,4.09
AP,67,27.18,97.01,4.24
RR,41,29.34,87.8,3.9
