category,orders,items_sold,revenue,freight,avg_unit_price,pct_revenue,reviews,avg_review_score
health_beauty,8754,9638.0,1250598.52,181980.59,129.76,9.31,8686,4.17
watches_gifts,5565,5940.0,1190114.72,99625.86,200.36,8.86,5525,4.05
bed_bath_table,9378,11227.0,1048116.04,206585.41,93.36,7.8,9287,3.9
sports_leisure,7625,8593.0,972036.41,166781.35,113.12,7.24,7562,4.14
computers_accessories,6606,7791.0,904258.73,146808.98,116.06,6.73,6563,3.96
furniture_decor,6384,8325.0,725535.59,172017.01,87.15,5.4,6339,3.93
housewares,5819,6898.0,626085.93,145051.0,90.76,4.66,5791,4.09
cool_stuff,3603,3774.0,620275.81,82805.84,164.36,4.62,3583,4.17
auto,3853,4202.0,585508.46,91906.51,139.34,4.36,3836,4.09
garden_tools,3485,4321.0,476706.27,98116.17,110.32,3.55,3472,4.06
toys,3832,4067.0,474769.31,76460.73,116.74,3.53,3803,4.2
baby,2842,3024.0,405894.46,67466.57,134.22,3.02,2822,4.05
perfumery,3123,3394.0,394607.86,53846.17,116.27,2.94,3119,4.19
telephony,4148,4493.0,313385.24,70455.81,69.75,2.33,4124,3.97
office_furniture,1264,1688.0,271451.82,67862.97,160.81,2.02,1256,3.51
stationery,2286,2499.0,226897.75,46330.98,90.8,1.69,2271,4.22
computers,180,202.0,221313.14,9802.88,1095.61,1.65,177,4.17
pet_shop,1702,1940.0,213576.03,39259.31,110.09,1.59,1692,4.2
musical_instruments,615,656.0,185348.53,17987.4,282.54,1.38,610,4.21
small_appliances,613,666.0,185235.14,15650.35,278.13,1.38,612,4.22
uncategorised,1416,1572.0,176812.38,27725.64,112.48,1.32,1413,3.9
electronics,2537,2750.0,156885.68,46283.08,57.05,1.17,2519,4.05
fashion_bags_accessories,1843,2027.0,151396.19,31232.04,74.69,1.13,1834,4.18
consoles_games,1024,1096.0,149156.78,19263.68,136.09,1.11,1014,4.13
construction_tools_construction,740,922.0,143593.29,20422.58,155.74,1.07,735,4.08
luggage_accessories,1026,1084.0,139526.59,30272.5,128.71,1.04,1022,4.34
home_appliances_2,231,237.0,110917.39,10440.59,468.01,0.83,228,4.16
home_construction,487,602.0,82530.97,13752.09,137.09,0.61,486,3.94
home_appliances,757,802.0,82420.91,15409.01,102.77,0.61,740,4.19
agro_industry_and_commerce,181,211.0,72510.97,5834.88,343.65,0.54,181,4.01
furniture_living_room,417,502.0,68607.38,17945.41,136.67,0.51,412,3.93
home_confort,397,437.0,58828.74,8551.47,134.62,0.44,398,3.83
fixed_telephony,213,257.0,55371.7,4536.24,215.45,0.41,211,3.75
air_conditioning,250,294.0,54621.26,6697.07,185.79,0.41,246,4.0
audio,349,364.0,50718.5,5716.76,139.34,0.38,347,3.83
small_appliances_home_oven_and_coffee,74,75.0,47358.55,2734.91,631.45,0.35,74,4.35
kitchen_dining_laundry_garden_furniture,244,277.0,45960.98,11803.95,165.92,0.34,241,4.0
books_general_interest,501,542.0,45425.0,8966.1,83.81,0.34,497,4.5
construction_tools_lights,243,303.0,40230.0,7535.76,132.77,0.3,241,4.07
industry_commerce_and_business,234,268.0,39665.71,7880.3,148.01,0.3,232,4.11
construction_tools_safety,159,183.0,38773.22,3730.8,211.88,0.29,158,3.97
food,444,504.0,29021.91,7175.2,57.58,0.22,439,4.26
market_place,276,307.0,27920.57,5351.37,90.95,0.21,273,4.06
costruction_tools_garden,191,235.0,25560.13,5237.44,108.77,0.19,192,4.11
art,199,201.0,23942.74,3894.81,119.12,0.18,197,4.04
fashion_shoes,237,262.0,23477.68,4928.75,89.61,0.17,236,4.27
drinks,292,376.0,22008.95,5685.02,58.53,0.16,292,4.09
signaling_and_security,139,198.0,21369.33,6489.27,107.93,0.16,136,4.09
furniture_bedroom,92,105.0,19419.8,4440.82,184.95,0.14,92,4.2
books_technical,259,268.0,18882.03,4274.66,70.46,0.14,258,4.38
costruction_tools_tools,97,103.0,15903.95,2030.22,154.41,0.12,94,4.44
food_drink,223,273.0,15139.67,4475.04,55.46,0.11,223,4.34
fashion_male_clothing,107,127.0,10502.13,2080.06,82.69,0.08,106,3.71
fashion_underwear_beach,120,130.0,9451.65,1906.75,72.7,0.07,119,3.99
christmas_supplies,125,150.0,8737.84,3190.91,58.25,0.07,123,4.07
tablets_printing_image,79,83.0,7528.41,1226.2,90.7,0.06,77,4.12
cine_photo,64,72.0,6859.37,1255.7,95.27,0.05,65,4.25
music,38,38.0,6034.35,690.51,158.8,0.04,38,4.21
dvds_blu_ray,57,62.0,4559.49,1244.88,73.54,0.03,56,4.18
party_supplies,39,43.0,4485.18,827.97,104.31,0.03,39,3.77
books_imported,50,57.0,4418.86,732.08,77.52,0.03,50,4.51
furniture_mattress_and_upholstery,38,38.0,4368.08,1630.46,114.95,0.03,38,3.82
portateis_cozinha_e_preparadores_de_alimentos,13,14.0,3933.63,294.42,280.97,0.03,13,3.43
fashio_female_clothing,37,47.0,2755.74,611.43,58.63,0.02,38,3.89
fashion_sport,26,30.0,2119.51,577.13,70.65,0.02,27,4.37
la_cuisine,13,14.0,2054.99,333.55,146.79,0.02,12,4.0
arts_and_craftmanship,23,24.0,1814.01,370.13,75.58,0.01,23,4.13
diapers_and_hygiene,26,38.0,1538.79,562.46,40.49,0.01,26,3.32
pc_gamer,7,8.0,1306.95,123.15,163.37,0.01,7,3.63
flowers,29,33.0,1110.04,488.87,33.64,0.01,28,4.42
home_comfort_2,24,30.0,760.27,410.31,25.34,0.01,23,3.63
cds_dvds_musicals,12,14.0,730.0,224.99,52.14,0.01,12,4.64
fashion_childrens_clothes,7,7.0,519.95,78.72,74.28,0.0,7,5.0
security_and_services,2,2.0,283.29,41.22,141.64,0.0,2,2.5
